period,scenario,statement,account,value
2022-01,budget,PL,revenue,5750000.0
2022-01,budget,PL,cogs,2415000.0
2022-01,budget,PL,opex_selling,632500.0
2022-01,budget,PL,opex_marketing,517500.0
2022-01,budget,PL,opex_ga,1100000.0
2022-01,budget,PL,depreciation,116666.66666666667
2022-01,budget,PL,interest_expense,50000.0
2022-01,budget,PL,tax_expense,220400.0
2022-01,budget,BS,cash,-1800091.7808219194
2022-01,budget,BS,accounts_receivable,10397260.273972603
2022-01,budget,BS,inventory,6748767.123287671
2022-01,budget,BS,ppe_net,14055833.333333334
2022-01,budget,BS,accounts_payable,4763835.616438356
2022-01,budget,BS,debt,9940000.0
2022-01,budget,BS,common_stock,8000000.0
2022-01,budget,BS,retained_earnings,6697933.333333333
2022-01,budget,CF,cf_net_income,697933.3333333334
2022-01,budget,CF,cf_depreciation,116666.66666666667
2022-01,budget,CF,cf_change_in_ar,-10397260.273972603
2022-01,budget,CF,cf_change_in_inventory,-6748767.123287671
2022-01,budget,CF,cf_change_in_ap,4763835.616438356
2022-01,budget,CF,cf_capex,-172500.0
2022-01,budget,CF,cf_change_in_debt,-60000.0
2022-01,budget,CF,cf_dividends,-0.0
2022-02,budget,PL,revenue,5622815.093188431
2022-02,budget,PL,cogs,2361582.339139141
2022-02,budget,PL,opex_selling,618509.6602507274
2022-02,budget,PL,opex_marketing,506053.3583869588
2022-02,budget,PL,opex_ga,1102712.896749534
2022-02,budget,PL,depreciation,117131.94444444445
2022-02,budget,PL,interest_expense,49700.0
2022-02,budget,PL,tax_expense,208109.97461223
2022-02,budget,BS,cash,-978746.2551735067
2022-02,budget,BS,accounts_receivable,10167282.086313328
2022-02,budget,BS,inventory,6599490.372388833
2022-02,budget,BS,ppe_net,14107385.841684543
2022-02,budget,BS,accounts_payable,4658463.7922744695
2022-02,budget,BS,debt,9880000.0
2022-02,budget,BS,common_stock,8000000.0
2022-02,budget,BS,retained_earnings,7356948.252938728
2022-02,budget,CF,cf_net_income,659014.919605395
2022-02,budget,CF,cf_depreciation,117131.94444444445
2022-02,budget,CF,cf_change_in_ar,229978.1876592748
2022-02,budget,CF,cf_change_in_inventory,149276.75089883804
2022-02,budget,CF,cf_change_in_ap,-105371.82416388672
2022-02,budget,CF,cf_capex,-168684.45279565293
2022-02,budget,CF,cf_change_in_debt,-60000.0
2022-02,budget,CF,cf_dividends,-0.0
2022-03,budget,PL,revenue,5292865.4417724805
2022-03,budget,PL,cogs,2223003.485544442
2022-03,budget,PL,opex_selling,582215.1985949728
2022-03,budget,PL,opex_marketing,476357.8897595232
2022-03,budget,PL,opex_ga,1105432.4842343165
2022-03,budget,PL,depreciation,117561.54868070454
2022-03,budget,PL,interest_expense,49400.0
2022-03,budget,PL,tax_expense,177334.76039004503
2022-03,budget,BS,cash,23643.097555893124
2022-03,budget,BS,accounts_receivable,9570660.798821473
2022-03,budget,BS,inventory,6212228.918507757
2022-03,budget,BS,ppe_net,14148610.256257012
2022-03,budget,BS,accounts_payable,4385102.766005475
2022-03,budget,BS,debt,9820000.0
2022-03,budget,BS,common_stock,8000000.0
2022-03,budget,BS,retained_earnings,7750040.305136661
2022-03,budget,CF,cf_net_income,561560.074568476
2022-03,budget,CF,cf_depreciation,117561.54868070454
2022-03,budget,CF,cf_change_in_ar,596621.2874918543
2022-03,budget,CF,cf_change_in_inventory,387261.45388107654
2022-03,budget,CF,cf_change_in_ap,-273361.02626899444
2022-03,budget,CF,cf_capex,-158785.9632531744
2022-03,budget,CF,cf_change_in_debt,-60000.0
2022-03,budget,CF,cf_dividends,-168468.02237054278
2022-04,budget,PL,revenue,4960133.9487022925
2022-04,budget,PL,cogs,2083256.258454963
2022-04,budget,PL,opex_selling,545614.7343572521
2022-04,budget,PL,opex_marketing,446412.0553832063
2022-04,budget,PL,opex_ga,1108158.7789555062
2022-04,budget,PL,depreciation,117905.08546880844
2022-04,budget,PL,interest_expense,49100.0
2022-04,budget,PL,tax_expense,146324.8886598135
2022-04,budget,BS,cash,1112618.5135019058
2022-04,budget,BS,accounts_receivable,8969009.331900036
2022-04,budget,BS,inventory,5821702.420887842
2022-04,budget,BS,ppe_net,14179509.189249273
2022-04,budget,BS,accounts_payable,4109437.002979653
2022-04,budget,BS,debt,9760000.0
2022-04,budget,BS,common_stock,8000000.0
2022-04,budget,BS,retained_earnings,8213402.452559404
2022-04,budget,CF,cf_net_income,463362.14742274274
2022-04,budget,CF,cf_depreciation,117905.08546880844
2022-04,budget,CF,cf_change_in_ar,601651.4669214375
2022-04,budget,CF,cf_change_in_inventory,390526.4976199148
2022-04,budget,CF,cf_change_in_ap,-275665.7630258221
2022-04,budget,CF,cf_capex,-148804.01846106877
2022-04,budget,CF,cf_change_in_debt,-60000.0
2022-04,budget,CF,cf_dividends,-0.0
2022-05,budget,PL,revenue,4675423.241348326
2022-05,budget,PL,cogs,1963677.7613662973
2022-05,budget,PL,opex_selling,514296.55654831586
2022-05,budget,PL,opex_marketing,420788.09172134934
2022-05,budget,PL,opex_ga,1110891.797454957
2022-05,budget,PL,depreciation,118162.57657707729
2022-05,budget,PL,interest_expense,48800.0
2022-05,budget,PL,tax_expense,119713.54984327898
2022-05,budget,BS,cash,2022714.3581556329
2022-05,budget,BS,accounts_receivable,8454189.970657246
2022-05,budget,BS,inventory,5487537.853681159
2022-05,budget,BS,ppe_net,14201609.309912646
2022-05,budget,BS,accounts_payable,3873556.13201023
2022-05,budget,BS,debt,9700000.0
2022-05,budget,BS,common_stock,8000000.0
2022-05,budget,BS,retained_earnings,8592495.360396454
2022-05,budget,CF,cf_net_income,379092.90783705015
2022-05,budget,CF,cf_depreciation,118162.57657707729
2022-05,budget,CF,cf_change_in_ar,514819.3612427898
2022-05,budget,CF,cf_change_in_inventory,334164.56720668264
2022-05,budget,CF,cf_change_in_ap,-235880.8709694231
2022-05,budget,CF,cf_capex,-140262.69724044978
2022-05,budget,CF,cf_change_in_debt,-60000.0
2022-05,budget,CF,cf_dividends,-0.0
2022-06,budget,PL,revenue,4490364.038097371
2022-06,budget,PL,cogs,1885952.896000896
2022-06,budget,PL,opex_selling,493940.0441907109
2022-06,budget,PL,opex_marketing,404132.7634287634
2022-06,budget,PL,opex_ga,1113631.5563153203
2022-06,budget,PL,depreciation,118346.74424927206
2022-06,budget,PL,interest_expense,48500.0
2022-06,budget,PL,tax_expense,102206.40813897803
2022-06,budget,BS,cash,2571418.7706876323
2022-06,budget,BS,accounts_receivable,8119562.3702582605
2022-06,budget,BS,inventory,5270334.120331272
2022-06,budget,BS,ppe_net,14217973.486806296
2022-06,budget,BS,accounts_payable,3720235.8496456034
2022-06,budget,BS,debt,9640000.0
2022-06,budget,BS,common_stock,8000000.0
2022-06,budget,BS,retained_earnings,8819052.898437856
2022-06,budget,CF,cf_net_income,323653.62577343045
2022-06,budget,CF,cf_depreciation,118346.74424927206
2022-06,budget,CF,cf_change_in_ar,334627.60039898567
2022-06,budget,CF,cf_change_in_inventory,217203.73334988765
2022-06,budget,CF,cf_change_in_ap,-153320.28236462642
2022-06,budget,CF,cf_capex,-134710.92114292114
2022-06,budget,CF,cf_change_in_debt,-60000.0
2022-06,budget,CF,cf_dividends,-97096.08773202913
2022-07,budget,PL,revenue,4354954.075532829
2022-07,budget,PL,cogs,1829080.7117237884
2022-07,budget,PL,opex_selling,479044.94830861123
2022-07,budget,PL,opex_marketing,391945.86679795466
2022-07,budget,PL,opex_ga,1116378.072160144
2022-07,budget,PL,depreciation,118483.11239005247
2022-07,budget,PL,interest_expense,48200.0
2022-07,budget,PL,tax_expense,89237.12739654674
2022-07,budget,BS,cash,3073432.649829705
2022-07,budget,BS,accounts_receivable,7874711.479045664
2022-07,budget,BS,inventory,5111403.632762368
2022-07,budget,BS,ppe_net,14230138.996682229
2022-07,budget,BS,accounts_payable,3608049.623126377
2022-07,budget,BS,debt,9580000.0
2022-07,budget,BS,common_stock,8000000.0
2022-07,budget,BS,retained_earnings,9101637.135193586
2022-07,budget,CF,cf_net_income,282584.2367557314
2022-07,budget,CF,cf_depreciation,118483.11239005247
2022-07,budget,CF,cf_change_in_ar,244850.89121259656
2022-07,budget,CF,cf_change_in_inventory,158930.4875689037
2022-07,budget,CF,cf_change_in_ap,-112186.22651922656
2022-07,budget,CF,cf_capex,-130648.62226598487
2022-07,budget,CF,cf_change_in_debt,-60000.0
2022-07,budget,CF,cf_dividends,-0.0
2022-08,budget,PL,revenue,4629914.150303281
2022-08,budget,PL,cogs,1944563.9431273781
2022-08,budget,PL,opex_selling,509290.5565333609
2022-08,budget,PL,opex_marketing,416692.27352729527
2022-08,budget,PL,opex_ga,1119131.3616539752
2022-08,budget,PL,depreciation,118584.49163901858
2022-08,budget,PL,interest_expense,47900.0
2022-08,budget,PL,tax_expense,113700.36571734073
2022-08,budget,BS,cash,2761065.0702163875
2022-08,budget,BS,accounts_receivable,8371899.559452508
2022-08,budget,BS,inventory,5434123.89586281
2022-08,budget,BS,ppe_net,14250451.92955231
2022-08,budget,BS,accounts_payable,3835852.161785513
2022-08,budget,BS,debt,9520000.0
2022-08,budget,BS,common_stock,8000000.0
2022-08,budget,BS,retained_earnings,9461688.293298498
2022-08,budget,CF,cf_net_income,360051.1581049123
2022-08,budget,CF,cf_depreciation,118584.49163901858
2022-08,budget,CF,cf_change_in_ar,-497188.0804068437
2022-08,budget,CF,cf_change_in_inventory,-322720.2631004425
2022-08,budget,CF,cf_change_in_ap,227802.53865913628
2022-08,budget,CF,cf_capex,-138897.42450909843
2022-08,budget,CF,cf_change_in_debt,-60000.0
2022-08,budget,CF,cf_dividends,-0.0
2022-09,budget,PL,revenue,5062001.615317884
2022-09,budget,PL,cogs,2126040.6784335114
2022-09,budget,PL,opex_selling,556820.1776849673
2022-09,budget,PL,opex_marketing,455580.14537860954
2022-09,budget,PL,opex_ga,1121891.4415024596
2022-09,budget,PL,depreciation,118753.76607960259
2022-09,budget,PL,interest_expense,47600.0
2022-09,budget,PL,tax_expense,152475.697497296
2022-09,budget,BS,cash,2075478.7825815482
2022-09,budget,BS,accounts_receivable,9153208.40030083
2022-09,budget,BS,inventory,5941264.361649812
2022-09,budget,BS,ppe_net,14283558.211932244
2022-09,budget,BS,accounts_payable,4193833.6670469264
2022-09,budget,BS,debt,9460000.0
2022-09,budget,BS,common_stock,8000000.0
2022-09,budget,BS,retained_earnings,9799676.089417504
2022-09,budget,CF,cf_net_income,482839.7087414373
2022-09,budget,CF,cf_depreciation,118753.76607960259
2022-09,budget,CF,cf_change_in_ar,-781308.840848323
2022-09,budget,CF,cf_change_in_inventory,-507140.4657870019
2022-09,budget,CF,cf_change_in_ap,357981.5052614133
2022-09,budget,CF,cf_capex,-151860.0484595365
2022-09,budget,CF,cf_change_in_debt,-60000.0
2022-09,budget,CF,cf_dividends,-144851.91262243118
2022-10,budget,PL,revenue,5445669.467669697
2022-10,budget,PL,cogs,2287181.1764212726
2022-10,budget,PL,opex_selling,599023.6414436667
2022-10,budget,PL,opex_marketing,490110.25209027267
2022-10,budget,PL,opex_ga,1124658.328452443
2022-10,budget,PL,depreciation,119029.65176610205
2022-10,budget,PL,interest_expense,47300.0
2022-10,budget,PL,tax_expense,186807.9401990255
2022-10,budget,BS,cash,1736497.0140568707
2022-10,budget,BS,accounts_receivable,9846963.968936985
2022-10,budget,BS,inventory,6391574.794382734
2022-10,budget,BS,ppe_net,14327898.644196233
2022-10,budget,BS,accounts_payable,4511699.8548584
2022-10,budget,BS,debt,9400000.0
2022-10,budget,BS,common_stock,8000000.0
2022-10,budget,BS,retained_earnings,10391234.566714419
2022-10,budget,CF,cf_net_income,591558.4772969142
2022-10,budget,CF,cf_depreciation,119029.65176610205
2022-10,budget,CF,cf_change_in_ar,-693755.5686361548
2022-10,budget,CF,cf_change_in_inventory,-450310.432732922
2022-10,budget,CF,cf_change_in_ap,317866.18781147385
2022-10,budget,CF,cf_capex,-163370.0840300909
2022-10,budget,CF,cf_change_in_debt,-60000.0
2022-10,budget,CF,cf_dividends,-0.0
2022-11,budget,PL,revenue,5728229.88484038
2022-11,budget,PL,cogs,2405856.55163296
2022-11,budget,PL,opex_selling,630105.2873324419
2022-11,budget,PL,opex_marketing,515540.6896356342
2022-11,budget,PL,opex_ga,1127432.0392920747
2022-11,budget,PL,depreciation,119399.15536830194
2022-11,budget,PL,interest_expense,47000.0
2022-11,budget,PL,tax_expense,211895.07877895216
2022-11,budget,BS,cash,1686577.786101463
2022-11,budget,BS,accounts_receivable,10357895.13423192
2022-11,budget,BS,inventory,6723215.568946903
2022-11,budget,BS,ppe_net,14380346.385373142
2022-11,budget,BS,accounts_payable,4745799.225138989
2022-11,budget,BS,debt,9340000.0
2022-11,budget,BS,common_stock,8000000.0
2022-11,budget,BS,retained_earnings,11062235.649514435
2022-11,budget,CF,cf_net_income,671001.0828000152
2022-11,budget,CF,cf_depreciation,119399.15536830194
2022-11,budget,CF,cf_change_in_ar,-510931.16529493406
2022-11,budget,CF,cf_change_in_inventory,-331640.7745641684
2022-11,budget,CF,cf_change_in_ap,234099.37028058898
2022-11,budget,CF,cf_capex,-171846.8965452114
2022-11,budget,CF,cf_change_in_debt,-60000.0
2022-11,budget,CF,cf_dividends,-0.0
2022-12,budget,PL,revenue,5333271.591364965
2022-12,budget,PL,cogs,2239974.0683732852
2022-12,budget,PL,opex_selling,586659.8750501461
2022-12,budget,PL,opex_marketing,479994.44322284684
2022-12,budget,PL,opex_ga,1130212.5908509076
2022-12,budget,PL,depreciation,119836.21987810952
2022-12,budget,PL,interest_expense,46700.0
2022-12,budget,PL,tax_expense,175174.65455752067
2022-12,budget,BS,cash,2825232.6037087357
2022-12,budget,BS,accounts_receivable,9643723.97342706
2022-12,budget,BS,inventory,6259653.560933564
2022-12,budget,BS,ppe_net,14420508.313235981
2022-12,budget,BS,accounts_payable,4418578.984188398
2022-12,budget,BS,debt,9280000.0
2022-12,budget,BS,common_stock,8000000.0
2022-12,budget,BS,retained_earnings,11450539.467116939
2022-12,budget,CF,cf_net_income,554719.7394321489
2022-12,budget,CF,cf_depreciation,119836.21987810952
2022-12,budget,CF,cf_change_in_ar,714171.1608048603
2022-12,budget,CF,cf_change_in_inventory,463562.0080133388
2022-12,budget,CF,cf_change_in_ap,-327220.24095059093
2022-12,budget,CF,cf_capex,-159998.14774094895
2022-12,budget,CF,cf_change_in_debt,-60000.0
2022-12,budget,CF,cf_dividends,-166415.92182964465
2023-01,budget,PL,revenue,6037500.0
2023-01,budget,PL,cogs,2535750.0000000005
2023-01,budget,PL,opex_selling,664125.0
2023-01,budget,PL,opex_marketing,543375.0
2023-01,budget,PL,opex_ga,1133000.0
2023-01,budget,PL,depreciation,120170.90261029986
2023-01,budget,PL,interest_expense,46400.0
2023-01,budget,PL,tax_expense,238722.9833735279
2023-01,budget,BS,cash,1943731.8006444192
2023-01,budget,BS,accounts_receivable,10917123.287671233
2023-01,budget,BS,inventory,7086205.479452056
2023-01,budget,BS,ppe_net,14481462.410625681
2023-01,budget,BS,accounts_payable,5002027.397260276
2023-01,budget,BS,debt,9220000.0
2023-01,budget,BS,common_stock,8000000.0
2023-01,budget,BS,retained_earnings,12206495.58113311
2023-01,budget,CF,cf_net_income,755956.1140161718
2023-01,budget,CF,cf_depreciation,120170.90261029986
2023-01,budget,CF,cf_change_in_ar,-1273399.3142441735
2023-01,budget,CF,cf_change_in_inventory,-826551.918518492
2023-01,budget,CF,cf_change_in_ap,583448.4130718773
2023-01,budget,CF,cf_capex,-181125.0
2023-01,budget,CF,cf_change_in_debt,-60000.0
2023-01,budget,CF,cf_dividends,-0.0
2023-02,budget,PL,revenue,5903955.847847853
2023-02,budget,PL,cogs,2479661.4560960983
2023-02,budget,PL,opex_selling,649435.1432632639
2023-02,budget,PL,opex_marketing,531356.0263063067
2023-02,budget,PL,opex_ga,1135794.2836520202
2023-02,budget,PL,depreciation,120678.85342188069
2023-02,budget,PL,interest_expense,46100.0
2023-02,budget,PL,tax_expense,225823.22042598785
2023-02,budget,BS,cash,2829976.1134270965
2023-02,budget,BS,accounts_receivable,10675646.190628994
2023-02,budget,BS,inventory,6929464.891008276
2023-02,budget,BS,ppe_net,14537902.232639236
2023-02,budget,BS,accounts_payable,4891386.981888195
2023-02,budget,BS,debt,9160000.0
2023-02,budget,BS,common_stock,8000000.0
2023-02,budget,BS,retained_earnings,12921602.445815405
2023-02,budget,CF,cf_net_income,715106.8646822949
2023-02,budget,CF,cf_depreciation,120678.85342188069
2023-02,budget,CF,cf_change_in_ar,241477.09704223834
2023-02,budget,CF,cf_change_in_inventory,156740.58844378032
2023-02,budget,CF,cf_change_in_ap,-110640.4153720811
2023-02,budget,CF,cf_capex,-177118.67543543558
2023-02,budget,CF,cf_change_in_debt,-60000.0
2023-02,budget,CF,cf_dividends,-0.0
2023-03,budget,PL,revenue,5557508.713861104
2023-03,budget,PL,cogs,2334153.659821664
2023-03,budget,PL,opex_selling,611325.9585247214
2023-03,budget,PL,opex_marketing,500175.78424749937
2023-03,budget,PL,opex_ga,1138595.4587613463
2023-03,budget,PL,depreciation,121149.18527199364
2023-03,budget,PL,interest_expense,45800.0
2023-03,budget,PL,tax_expense,193514.08013613097
2023-03,budget,BS,cash,3899404.0491108163
2023-03,budget,BS,accounts_receivable,10049193.838762544
2023-03,budget,BS,inventory,6522840.364433143
2023-03,budget,BS,ppe_net,14583478.308783077
2023-03,budget,BS,accounts_payable,4604357.904305748
2023-03,budget,BS,debt,9100000.0
2023-03,budget,BS,common_stock,8000000.0
2023-03,budget,BS,retained_earnings,13350558.656783829
2023-03,budget,CF,cf_net_income,612794.5870977482
2023-03,budget,CF,cf_depreciation,121149.18527199364
2023-03,budget,CF,cf_change_in_ar,626452.3518664502
2023-03,budget,CF,cf_change_in_inventory,406624.5265751323
2023-03,budget,CF,cf_change_in_ap,-287029.07758244686
2023-03,budget,CF,cf_capex,-166725.2614158331
2023-03,budget,CF,cf_change_in_debt,-60000.0
2023-03,budget,CF,cf_dividends,-183838.37612932446
2023-04,budget,PL,revenue,5208140.646137408
2023-04,budget,PL,cogs,2187419.0713777114
2023-04,budget,PL,opex_selling,572895.4710751149
2023-04,budget,PL,opex_marketing,468732.6581523667
2023-04,budget,PL,opex_ga,1141403.5423241716
2023-04,budget,PL,depreciation,121528.98590652565
2023-04,budget,PL,interest_expense,45500.0
2023-04,budget,PL,tax_expense,160958.62015236425
2023-04,budget,BS,cash,5066728.924373678
2023-04,budget,BS,accounts_receivable,9417459.798495037
2023-04,budget,BS,inventory,6112787.541932234
2023-04,budget,BS,ppe_net,14618193.542260673
2023-04,budget,BS,accounts_payable,4314908.853128636
2023-04,budget,BS,debt,9040000.0
2023-04,budget,BS,common_stock,8000000.0
2023-04,budget,BS,retained_earnings,13860260.953932982
2023-04,budget,CF,cf_net_income,509702.29714915354
2023-04,budget,CF,cf_depreciation,121528.98590652565
2023-04,budget,CF,cf_change_in_ar,631734.0402675066
2023-04,budget,CF,cf_change_in_inventory,410052.8225009097
2023-04,budget,CF,cf_change_in_ap,-289449.05117711145
2023-04,budget,CF,cf_capex,-156244.21938412223
2023-04,budget,CF,cf_change_in_debt,-60000.0
2023-04,budget,CF,cf_dividends,-0.0
2023-05,budget,PL,revenue,4909194.403415743
2023-05,budget,PL,cogs,2061861.6494346124
2023-05,budget,PL,opex_selling,540011.3843757318
2023-05,budget,PL,opex_marketing,441827.4963074169
2023-05,budget,PL,opex_ga,1144218.551378606
2023-05,budget,PL,depreciation,121818.27951883896
2023-05,budget,PL,interest_expense,45200.0
2023-05,budget,PL,tax_expense,133021.690176129
2023-05,budget,BS,cash,6046264.9343685005
2023-05,budget,BS,accounts_receivable,8876899.469190111
2023-05,budget,BS,inventory,5761914.746365218
2023-05,budget,BS,ppe_net,14643651.094844306
2023-05,budget,BS,accounts_payable,4067233.9386107423
2023-05,budget,BS,debt,8980000.0
2023-05,budget,BS,common_stock,8000000.0
2023-05,budget,BS,retained_earnings,14281496.30615739
2023-05,budget,CF,cf_net_income,421235.35222440853
2023-05,budget,CF,cf_depreciation,121818.27951883896
2023-05,budget,CF,cf_change_in_ar,540560.3293049261
2023-05,budget,CF,cf_change_in_inventory,350872.7955670152
2023-05,budget,CF,cf_change_in_ap,-247674.91451789392
2023-05,budget,CF,cf_capex,-147275.83210247228
2023-05,budget,CF,cf_change_in_debt,-60000.0
2023-05,budget,CF,cf_dividends,-0.0
2023-06,budget,PL,revenue,4714882.240002241
2023-06,budget,PL,cogs,1980250.5408009414
2023-06,budget,PL,opex_selling,518637.0464002465
2023-06,budget,PL,opex_marketing,424339.4016002017
2023-06,budget,PL,opex_ga,1147040.5030047798
2023-06,budget,PL,depreciation,122030.42579036922
2023-06,budget,PL,interest_expense,44900.0
2023-06,budget,PL,tax_expense,114644.2373773686
2023-06,budget,BS,cash,6639413.556432096
2023-06,budget,BS,accounts_receivable,8525540.488771176
2023-06,budget,BS,inventory,5533850.826347836
2023-06,budget,BS,ppe_net,14663067.136254003
2023-06,budget,BS,accounts_payable,3906247.642127885
2023-06,budget,BS,debt,8920000.0
2023-06,budget,BS,common_stock,8000000.0
2023-06,budget,BS,retained_earnings,14535624.365677223
2023-06,budget,CF,cf_net_income,363040.0850283339
2023-06,budget,CF,cf_depreciation,122030.42579036922
2023-06,budget,CF,cf_change_in_ar,351358.9804189354
2023-06,budget,CF,cf_change_in_inventory,228063.92001738213
2023-06,budget,CF,cf_change_in_ap,-160986.29648285732
2023-06,budget,CF,cf_capex,-141446.4672000672
2023-06,budget,CF,cf_change_in_debt,-60000.0
2023-06,budget,CF,cf_dividends,-108912.02550850016
2023-07,budget,PL,revenue,4572701.779309471
2023-07,budget,PL,cogs,1920534.7473099781
2023-07,budget,PL,opex_selling,502997.19572404184
2023-07,budget,PL,opex_marketing,411543.16013785236
2023-07,budget,PL,opex_ga,1149869.4143249486
2023-07,budget,PL,depreciation,122192.22613545002
2023-07,budget,PL,interest_expense,44600.0
2023-07,budget,PL,tax_expense,101031.60856252808
2023-07,budget,BS,cash,7190533.066178323
2023-07,budget,BS,accounts_receivable,8268447.052997949
2023-07,budget,BS,inventory,5366973.814400487
2023-07,budget,BS,ppe_net,14678055.963497838
2023-07,budget,BS,accounts_payable,3788452.1042826967
2023-07,budget,BS,debt,8860000.0
2023-07,budget,BS,common_stock,8000000.0
2023-07,budget,BS,retained_earnings,14855557.792791896
2023-07,budget,CF,cf_net_income,319933.42711467226
2023-07,budget,CF,cf_depreciation,122192.22613545002
2023-07,budget,CF,cf_change_in_ar,257093.43577322736
2023-07,budget,CF,cf_change_in_inventory,166877.01194734965
2023-07,budget,CF,cf_change_in_ap,-117795.53784518829
2023-07,budget,CF,cf_capex,-137181.05337928413
2023-07,budget,CF,cf_change_in_debt,-60000.0
2023-07,budget,CF,cf_dividends,-0.0
2023-08,budget,PL,revenue,4861409.857818445
2023-08,budget,PL,cogs,2041792.140283747
2023-08,budget,PL,opex_selling,534755.084360029
2023-08,budget,PL,opex_marketing,437526.88720366004
2023-08,budget,PL,opex_ga,1152705.3025035947
2023-08,budget,PL,depreciation,122317.13302914867
2023-08,budget,PL,interest_expense,44300.0
2023-08,budget,PL,tax_expense,126723.19450518372
2023-08,budget,BS,cash,6886586.924315441
2023-08,budget,BS,accounts_receivable,8790494.537425134
2023-08,budget,BS,inventory,5705830.090655952
2023-08,budget,BS,ppe_net,14701581.126203243
2023-08,budget,BS,accounts_payable,4027644.769874789
2023-08,budget,BS,debt,8800000.0
2023-08,budget,BS,common_stock,8000000.0
2023-08,budget,BS,retained_earnings,15256847.908724977
2023-08,budget,CF,cf_net_income,401290.11593308183
2023-08,budget,CF,cf_depreciation,122317.13302914867
2023-08,budget,CF,cf_change_in_ar,-522047.48442718573
2023-08,budget,CF,cf_change_in_inventory,-338856.2762554651
2023-08,budget,CF,cf_change_in_ap,239192.6655920921
2023-08,budget,CF,cf_capex,-145842.29573455334
2023-08,budget,CF,cf_change_in_debt,-60000.0
2023-08,budget,CF,cf_dividends,-0.0
2023-09,budget,PL,revenue,5315101.6960837785
2023-09,budget,PL,cogs,2232342.712355187
2023-09,budget,PL,opex_selling,584661.1865692156
2023-09,budget,PL,opex_marketing,478359.15264754003
2023-09,budget,PL,opex_ga,1155548.1847475332
2023-09,budget,PL,depreciation,122513.17605169369
2023-09,budget,PL,interest_expense,44000.0
2023-09,budget,PL,tax_expense,167442.54809102608
2023-09,budget,BS,cash,6183820.1729771225
2023-09,budget,BS,accounts_receivable,9610868.820315873
2023-09,budget,BS,inventory,6238327.579732304
2023-09,budget,BS,ppe_net,14738521.001034062
2023-09,budget,BS,accounts_payable,4403525.350399273
2023-09,budget,BS,debt,8740000.0
2023-09,budget,BS,common_stock,8000000.0
2023-09,budget,BS,retained_earnings,15628012.223660085
2023-09,budget,CF,cf_net_income,530234.7356215827
2023-09,budget,CF,cf_depreciation,122513.17605169369
2023-09,budget,CF,cf_change_in_ar,-820374.2828907389
2023-09,budget,CF,cf_change_in_inventory,-532497.4890763527
2023-09,budget,CF,cf_change_in_ap,375880.5805244846
2023-09,budget,CF,cf_capex,-159453.05088251334
2023-09,budget,CF,cf_change_in_debt,-60000.0
2023-09,budget,CF,cf_dividends,-159070.4206864748
2023-10,budget,PL,revenue,5717952.941053182
2023-10,budget,PL,cogs,2401540.2352423365
2023-10,budget,PL,opex_selling,628974.82351585
2023-10,budget,PL,opex_marketing,514615.76469478634
2023-10,budget,PL,opex_ga,1158398.0783060163
2023-10,budget,PL,depreciation,122821.00834195052
2023-10,budget,PL,interest_expense,43700.0
2023-10,budget,PL,tax_expense,203496.72742853814
2023-10,budget,BS,cash,5851999.0923757
2023-10,budget,BS,accounts_receivable,10339312.167383835
2023-10,budget,BS,inventory,6711153.534101872
2023-10,budget,BS,ppe_net,14787238.580923706
2023-10,budget,BS,accounts_payable,4737284.847601321
2023-10,budget,BS,debt,8680000.0
2023-10,budget,BS,common_stock,8000000.0
2023-10,budget,BS,retained_earnings,16272418.52718379
2023-10,budget,CF,cf_net_income,644406.3035237042
2023-10,budget,CF,cf_depreciation,122821.00834195052
2023-10,budget,CF,cf_change_in_ar,-728443.3470679615
2023-10,budget,CF,cf_change_in_inventory,-472825.95436956733
2023-10,budget,CF,cf_change_in_ap,333759.49720204715
2023-10,budget,CF,cf_capex,-171538.58823159544
2023-10,budget,CF,cf_change_in_debt,-60000.0
2023-10,budget,CF,cf_dividends,-0.0
2023-11,budget,PL,revenue,6014641.379082399
2023-11,budget,PL,cogs,2526149.379214608
2023-11,budget,PL,opex_selling,661610.551699064
2023-11,budget,PL,opex_marketing,541317.724117416
2023-11,budget,PL,opex_ga,1161255.000470837
2023-11,budget,PL,depreciation,123226.98817436422
2023-11,budget,PL,interest_expense,43400.0
2023-11,budget,PL,tax_expense,229843.61649746646
2023-11,budget,BS,cash,5823728.760028799
2023-11,budget,BS,accounts_receivable,10875789.890943516
2023-11,budget,BS,inventory,7059376.347394247
2023-11,budget,BS,ppe_net,14844450.834121814
2023-11,budget,BS,accounts_payable,4983089.186395939
2023-11,budget,BS,debt,8620000.0
2023-11,budget,BS,common_stock,8000000.0
2023-11,budget,BS,retained_earnings,17000256.646092433
2023-11,budget,CF,cf_net_income,727838.1189086438
2023-11,budget,CF,cf_depreciation,123226.98817436422
2023-11,budget,CF,cf_change_in_ar,-536477.7235596813
2023-11,budget,CF,cf_change_in_inventory,-348222.81329237483
2023-11,budget,CF,cf_change_in_ap,245804.33879461884
2023-11,budget,CF,cf_capex,-180439.24137247197
2023-11,budget,CF,cf_change_in_debt,-60000.0
2023-11,budget,CF,cf_dividends,-0.0
2023-12,budget,PL,revenue,5599935.170933213
2023-12,budget,PL,cogs,2351972.77179195
2023-12,budget,PL,opex_selling,615992.8688026534
2023-12,budget,PL,opex_marketing,503994.16538398917
2023-12,budget,PL,opex_ga,1164118.9685764348
2023-12,budget,PL,depreciation,123703.75695101514
2023-12,budget,PL,interest_expense,43100.0
2023-12,budget,PL,tax_expense,191292.63346252096
2023-12,budget,BS,cash,7036505.040288058
2023-12,budget,BS,accounts_receivable,10125910.172098413
2023-12,budget,BS,inventory,6572636.238980244
2023-12,budget,BS,ppe_net,14888745.132298796
2023-12,budget,BS,accounts_payable,4639507.933397819
2023-12,budget,BS,debt,8560000.0
2023-12,budget,BS,common_stock,8000000.0
2023-12,budget,BS,retained_earnings,17424288.650267687
2023-12,budget,CF,cf_net_income,605760.0059646498
2023-12,budget,CF,cf_depreciation,123703.75695101514
2023-12,budget,CF,cf_change_in_ar,749879.7188451029
2023-12,budget,CF,cf_change_in_inventory,486740.1084140027
2023-12,budget,CF,cf_change_in_ap,-343581.25299812015
2023-12,budget,CF,cf_capex,-167998.0551279964
2023-12,budget,CF,cf_change_in_debt,-60000.0
2023-12,budget,CF,cf_dividends,-181728.00178939494
2024-01,budget,PL,revenue,6339375.0
2024-01,budget,PL,cogs,2662537.5000000005
2024-01,budget,PL,opex_selling,697331.25
2024-01,budget,PL,opex_marketing,570543.75
2024-01,budget,PL,opex_ga,1166990.0
2024-01,budget,PL,depreciation,124072.87610248996
2024-01,budget,PL,interest_expense,42800.0
2024-01,budget,PL,tax_expense,258023.9097354023
2024-01,budget,BS,cash,6135144.41987733
2024-01,budget,BS,accounts_receivable,11462979.452054795
2024-01,budget,BS,inventory,7440515.753424658
2024-01,budget,BS,ppe_net,14954853.506196305
2024-01,budget,BS,accounts_payable,5252128.767123289
2024-01,budget,BS,debt,8500000.0
2024-01,budget,BS,common_stock,8000000.0
2024-01,budget,BS,retained_earnings,18241364.364429794
2024-01,budget,CF,cf_net_income,817075.7141621073
2024-01,budget,CF,cf_depreciation,124072.87610248996
2024-01,budget,CF,cf_change_in_ar,-1337069.2799563818
2024-01,budget,CF,cf_change_in_inventory,-867879.5144444145
2024-01,budget,CF,cf_change_in_ap,612620.8337254701
2024-01,budget,CF,cf_capex,-190181.25
2024-01,budget,CF,cf_change_in_debt,-60000.0
2024-01,budget,CF,cf_dividends,-0.0
2024-02,budget,PL,revenue,6199153.6402402455
2024-02,budget,PL,cogs,2603644.528900903
2024-02,budget,PL,opex_selling,681906.900426427
2024-02,budget,PL,opex_marketing,557923.8276216221
2024-02,budget,PL,opex_ga,1169868.1121615805
2024-02,budget,PL,depreciation,124623.77921830256
2024-02,budget,PL,interest_expense,42500.0
2024-02,budget,PL,tax_expense,244484.7580587385
2024-02,budget,BS,cash,7089951.457360731
2024-02,budget,BS,accounts_receivable,11209428.500160445
2024-02,budget,BS,inventory,7275938.135558689
2024-02,budget,BS,ppe_net,15016204.33618521
2024-02,budget,BS,accounts_payable,5135956.330982604
2024-02,budget,BS,debt,8440000.0
2024-02,budget,BS,common_stock,8000000.0
2024-02,budget,BS,retained_earnings,19015566.098282468
2024-02,budget,CF,cf_net_income,774201.7338526719
2024-02,budget,CF,cf_depreciation,124623.77921830256
2024-02,budget,CF,cf_change_in_ar,253550.95189435035
2024-02,budget,CF,cf_change_in_inventory,164577.61786596943
2024-02,budget,CF,cf_change_in_ap,-116172.43614068534
2024-02,budget,CF,cf_capex,-185974.60920720737
2024-02,budget,CF,cf_change_in_debt,-60000.0
2024-02,budget,CF,cf_dividends,-0.0
2024-03,budget,PL,revenue,5835384.149554161
2024-03,budget,PL,cogs,2450861.342812748
2024-03,budget,PL,opex_selling,641892.2564509577
2024-03,budget,PL,opex_marketing,525184.5734598745
2024-03,budget,PL,opex_ga,1172753.3225241867
2024-03,budget,PL,depreciation,125135.03613487676
2024-03,budget,PL,interest_expense,42200.0
2024-03,budget,PL,tax_expense,210565.82836116425
2024-03,budget,BS,cash,8230129.412778321
2024-03,budget,BS,accounts_receivable,10551653.530700674
2024-03,budget,BS,inventory,6848982.382654803
2024-03,budget,BS,ppe_net,15066130.824536959
2024-03,budget,BS,accounts_payable,4834575.799521037
2024-03,budget,BS,debt,8380000.0
2024-03,budget,BS,common_stock,8000000.0
2024-03,budget,BS,retained_earnings,19482320.35114971
2024-03,budget,CF,cf_net_income,666791.7898103534
2024-03,budget,CF,cf_depreciation,125135.03613487676
2024-03,budget,CF,cf_change_in_ar,657774.9694597702
2024-03,budget,CF,cf_change_in_inventory,426955.75290388614
2024-03,budget,CF,cf_change_in_ap,-301380.5314615667
2024-03,budget,CF,cf_capex,-175061.52448662484
2024-03,budget,CF,cf_change_in_debt,-60000.0
2024-03,budget,CF,cf_dividends,-200037.536943106
2024-04,budget,PL,revenue,5468547.6784442775
2024-04,budget,PL,cogs,2296790.024946597
2024-04,budget,PL,opex_selling,601540.2446288705
2024-04,budget,PL,opex_marketing,492169.29105998494
2024-04,budget,PL,opex_ga,1175645.6485938965
2024-04,budget,PL,depreciation,125551.09020447468
2024-04,budget,PL,interest_expense,41900.0
2024-04,budget,PL,tax_expense,176388.330962509
2024-04,budget,BS,cash,9480141.822848285
2024-04,budget,BS,accounts_receivable,9888332.788419789
2024-04,budget,BS,inventory,6418426.919028847
2024-04,budget,BS,ppe_net,15104636.164685812
2024-04,budget,BS,accounts_payable,4530654.2957850685
2024-04,budget,BS,debt,8320000.0
2024-04,budget,BS,common_stock,8000000.0
2024-04,budget,BS,retained_earnings,20040883.399197657
2024-04,budget,CF,cf_net_income,558563.0480479451
2024-04,budget,CF,cf_depreciation,125551.09020447468
2024-04,budget,CF,cf_change_in_ar,663320.7422808856
2024-04,budget,CF,cf_change_in_inventory,430555.4636259563
2024-04,budget,CF,cf_change_in_ap,-303921.50373596884
2024-04,budget,CF,cf_capex,-164056.43035332832
2024-04,budget,CF,cf_change_in_debt,-60000.0
2024-04,budget,CF,cf_dividends,-0.0
2024-05,budget,PL,revenue,5154654.123586531
2024-05,budget,PL,cogs,2164954.7319063433
2024-05,budget,PL,opex_selling,567011.9535945184
2024-05,budget,PL,opex_marketing,463918.87112278776
2024-05,budget,PL,opex_ga,1178545.1079199642
2024-05,budget,PL,depreciation,125871.96803904844
2024-05,budget,PL,interest_expense,41600.0
2024-05,budget,PL,tax_expense,147060.35784092848
2024-05,budget,BS,cash,10533011.421214428
2024-05,budget,BS,accounts_receivable,9320744.442649616
2024-05,budget,BS,inventory,6050010.48368348
2024-05,budget,BS,ppe_net,15133403.82035436
2024-05,budget,BS,accounts_payable,4270595.63554128
2024-05,budget,BS,debt,8260000.0
2024-05,budget,BS,common_stock,8000000.0
2024-05,budget,BS,retained_earnings,20506574.5323606
2024-05,budget,CF,cf_net_income,465691.13316294027
2024-05,budget,CF,cf_depreciation,125871.96803904844
2024-05,budget,CF,cf_change_in_ar,567588.3457701728
2024-05,budget,CF,cf_change_in_inventory,368416.4353453666
2024-05,budget,CF,cf_change_in_ap,-260058.66024378873
2024-05,budget,CF,cf_capex,-154639.62370759592
2024-05,budget,CF,cf_change_in_debt,-60000.0
2024-05,budget,CF,cf_dividends,-0.0
2024-06,budget,PL,revenue,4950626.352002353
2024-06,budget,PL,cogs,2079263.0678409885
2024-06,budget,PL,opex_selling,544568.8987202588
2024-06,budget,PL,opex_marketing,445556.3716802118
2024-06,budget,PL,opex_ga,1181451.7180949233
2024-06,budget,PL,depreciation,126111.698502953
2024-06,budget,PL,interest_expense,41300.0
2024-06,budget,PL,tax_expense,127769.90331912425
2024-06,budget,BS,cash,11173186.048999168
2024-06,budget,BS,accounts_receivable,8951817.513209734
2024-06,budget,BS,inventory,5810543.367665228
2024-06,budget,BS,ppe_net,15155810.912411477
2024-06,budget,BS,accounts_payable,4101560.0242342786
2024-06,budget,BS,debt,8200000.0
2024-06,budget,BS,common_stock,8000000.0
2024-06,budget,BS,retained_earnings,20789797.818051323
2024-06,budget,CF,cf_net_income,404604.6938438935
2024-06,budget,CF,cf_depreciation,126111.698502953
2024-06,budget,CF,cf_change_in_ar,368926.9294398818
2024-06,budget,CF,cf_change_in_inventory,239467.11601825152
2024-06,budget,CF,cf_change_in_ap,-169035.6113070012
2024-06,budget,CF,cf_capex,-148518.7905600706
2024-06,budget,CF,cf_change_in_debt,-60000.0
2024-06,budget,CF,cf_dividends,-121381.40815316804
2024-07,budget,PL,revenue,4801336.868274945
2024-07,budget,PL,cogs,2016561.484675477
2024-07,budget,PL,opex_selling,528147.055510244
2024-07,budget,PL,opex_marketing,432120.318144745
2024-07,budget,PL,opex_ga,1184365.496754697
2024-07,budget,PL,depreciation,126298.42427009565
2024-07,budget,PL,interest_expense,41000.0
2024-07,budget,PL,tax_expense,113482.58134072465
2024-07,budget,BS,cash,11776289.530169137
2024-07,budget,BS,accounts_receivable,8681869.405647844
2024-07,budget,BS,inventory,5635322.505120511
2024-07,budget,BS,ppe_net,15173552.59418963
2024-07,budget,BS,accounts_payable,3977874.709496831
2024-07,budget,BS,debt,8140000.0
2024-07,budget,BS,common_stock,8000000.0
2024-07,budget,BS,retained_earnings,21149159.325630285
2024-07,budget,CF,cf_net_income,359361.5075789614
2024-07,budget,CF,cf_depreciation,126298.42427009565
2024-07,budget,CF,cf_change_in_ar,269948.10756189004
2024-07,budget,CF,cf_change_in_inventory,175220.86254471727
2024-07,budget,CF,cf_change_in_ap,-123685.31473744754
2024-07,budget,CF,cf_capex,-144040.10604824833
2024-07,budget,CF,cf_change_in_debt,-60000.0
2024-07,budget,CF,cf_dividends,-0.0
2024-08,budget,PL,revenue,5104480.350709368
2024-08,budget,PL,cogs,2143881.7472979347
2024-08,budget,PL,opex_selling,561492.8385780305
2024-08,budget,PL,opex_marketing,459403.2315638431
2024-08,budget,PL,opex_ga,1187286.4615787023
2024-08,budget,PL,depreciation,126446.27161824693
2024-08,budget,PL,interest_expense,40700.0
2024-08,budget,PL,tax_expense,140464.7520174264
2024-08,budget,BS,cash,11481609.789476201
2024-08,budget,BS,accounts_receivable,9230019.26429639
2024-08,budget,BS,inventory,5991121.595188748
2024-08,budget,BS,ppe_net,15200240.733092666
2024-08,budget,BS,accounts_payable,4229027.008368528
2024-08,budget,BS,debt,8080000.0
2024-08,budget,BS,common_stock,8000000.0
2024-08,budget,BS,retained_earnings,21593964.373685468
2024-08,budget,CF,cf_net_income,444805.0480551836
2024-08,budget,CF,cf_depreciation,126446.27161824693
2024-08,budget,CF,cf_change_in_ar,-548149.858648546
2024-08,budget,CF,cf_change_in_inventory,-355799.0900682369
2024-08,budget,CF,cf_change_in_ap,251152.2988716974
2024-08,budget,CF,cf_capex,-153134.410521281
2024-08,budget,CF,cf_change_in_debt,-60000.0
2024-08,budget,CF,cf_dividends,-0.0
2024-09,budget,PL,revenue,5580856.780887967
2024-09,budget,PL,cogs,2343959.8479729462
2024-09,budget,PL,opex_selling,613894.2458976763
2024-09,budget,PL,opex_marketing,502277.110279917
2024-09,budget,PL,opex_ga,1190214.6302899595
2024-09,budget,PL,depreciation,126668.67277577223
2024-09,budget,PL,interest_expense,40400.0
2024-09,budget,PL,tax_expense,183226.14568120692
2024-09,budget,BS,cash,10761163.297403939
2024-09,budget,BS,accounts_receivable,10091412.261331666
2024-09,budget,BS,inventory,6550243.958718917
2024-09,budget,BS,ppe_net,15240997.763743533
2024-09,budget,BS,accounts_payable,4623701.617919236
2024-09,budget,BS,debt,8020000.0
2024-09,budget,BS,common_stock,8000000.0
2024-09,budget,BS,retained_earnings,22000115.66327881
2024-09,budget,CF,cf_net_income,580216.1279904885
2024-09,budget,CF,cf_depreciation,126668.67277577223
2024-09,budget,CF,cf_change_in_ar,-861392.9970352761
2024-09,budget,CF,cf_change_in_inventory,-559122.3635301692
2024-09,budget,CF,cf_change_in_ap,394674.609550708
2024-09,budget,CF,cf_capex,-167425.703426639
2024-09,budget,CF,cf_change_in_debt,-60000.0
2024-09,budget,CF,cf_dividends,-174064.83839714655
2024-10,budget,PL,revenue,6003850.588105842
2024-10,budget,PL,cogs,2521617.2470044536
2024-10,budget,PL,opex_selling,660423.5646916425
2024-10,budget,PL,opex_marketing,540346.5529295257
2024-10,budget,PL,opex_ga,1193150.0206551969
2024-10,budget,PL,depreciation,127008.31469786278
2024-10,budget,PL,interest_expense,40100.0
2024-10,budget,PL,tax_expense,221089.17315051836
2024-10,budget,BS,cash,10437286.514988009
2024-10,budget,BS,accounts_receivable,10856277.775753029
2024-10,budget,BS,inventory,7046711.210806967
2024-10,budget,BS,ppe_net,15294104.966688845
2024-10,budget,BS,accounts_payable,4974149.089981388
2024-10,budget,BS,debt,7960000.0
2024-10,budget,BS,common_stock,8000000.0
2024-10,budget,BS,retained_earnings,22700231.378255453
2024-10,budget,CF,cf_net_income,700115.7149766415
2024-10,budget,CF,cf_depreciation,127008.31469786278
2024-10,budget,CF,cf_change_in_ar,-764865.5144213624
2024-10,budget,CF,cf_change_in_inventory,-496467.2520880494
2024-10,budget,CF,cf_change_in_ap,350447.4720621519
2024-10,budget,CF,cf_capex,-180115.51764317523
2024-10,budget,CF,cf_change_in_debt,-60000.0
2024-10,budget,CF,cf_dividends,-0.0
2024-11,budget,PL,revenue,6315373.448036519
2024-11,budget,PL,cogs,2652456.848175338
2024-11,budget,PL,opex_selling,694691.0792840171
2024-11,budget,PL,opex_marketing,568383.6103232867
2024-11,budget,PL,opex_ga,1196092.6504849622
2024-11,budget,PL,depreciation,127450.87472240704
2024-11,budget,PL,interest_expense,39800.0
2024-11,budget,PL,tax_expense,248759.61241116194
2024-11,budget,BS,cash,10432173.950944358
2024-11,budget,BS,accounts_receivable,11419579.385490691
2024-11,budget,BS,inventory,7412345.164763959
2024-11,budget,BS,ppe_net,15356115.295407536
2024-11,budget,BS,accounts_payable,5232243.645715736
2024-11,budget,BS,debt,7900000.0
2024-11,budget,BS,common_stock,8000000.0
2024-11,budget,BS,retained_earnings,23487970.150890797
2024-11,budget,CF,cf_net_income,787738.7726353463
2024-11,budget,CF,cf_depreciation,127450.87472240704
2024-11,budget,CF,cf_change_in_ar,-563301.6097376626
2024-11,budget,CF,cf_change_in_inventory,-365633.95395699237
2024-11,budget,CF,cf_change_in_ap,258094.55573434755
2024-11,budget,CF,cf_capex,-189461.20344109557
2024-11,budget,CF,cf_change_in_debt,-60000.0
2024-11,budget,CF,cf_dividends,-0.0
2024-12,budget,PL,revenue,5879931.929479875
2024-12,budget,PL,cogs,2469571.4103815476
2024-12,budget,PL,opex_selling,646792.5122427862
2024-12,budget,PL,opex_marketing,529193.8736531887
2024-12,budget,PL,opex_ga,1199042.5376337278
2024-12,budget,PL,depreciation,127967.62746172947
2024-12,budget,PL,interest_expense,39500.0
2024-12,budget,PL,tax_expense,208287.35234565477
2024-12,budget,BS,cash,11723137.754528591
2024-12,budget,BS,accounts_receivable,10632205.680703336
2024-12,budget,BS,inventory,6901268.050929257
2024-12,budget,BS,ppe_net,15404545.625830201
2024-12,budget,BS,accounts_payable,4871483.33006771
2024-12,budget,BS,debt,7840000.0
2024-12,budget,BS,common_stock,8000000.0
2024-12,budget,BS,retained_earnings,23949673.781923663
2024-12,budget,CF,cf_net_income,659576.6157612401
2024-12,budget,CF,cf_depreciation,127967.62746172947
2024-12,budget,CF,cf_change_in_ar,787373.7047873549
2024-12,budget,CF,cf_change_in_inventory,511077.1138347024
2024-12,budget,CF,cf_change_in_ap,-360760.31564802583
2024-12,budget,CF,cf_capex,-176397.95788439622
2024-12,budget,CF,cf_change_in_debt,-60000.0
2024-12,budget,CF,cf_dividends,-197872.98472837204
2022-01,actual,PL,revenue,5836249.999999999
2022-01,actual,PL,cogs,2451225.0
2022-01,actual,PL,opex_selling,641987.4999999999
2022-01,actual,PL,opex_marketing,525262.4999999999
2022-01,actual,PL,opex_ga,1100000.0
2022-01,actual,PL,depreciation,116666.66666666667
2022-01,actual,PL,interest_expense,50000.0
2022-01,actual,PL,tax_expense,228265.99999999977
2022-01,actual,BS,cash,-1963503.1575342454
2022-01,actual,BS,accounts_receivable,10553219.178082189
2022-01,actual,BS,inventory,6849998.630136986
2022-01,actual,BS,ppe_net,14058420.833333334
2022-01,actual,BS,accounts_payable,4835293.150684931
2022-01,actual,BS,debt,9940000.0
2022-01,actual,BS,common_stock,8000000.0
2022-01,actual,BS,retained_earnings,6722842.333333333
2022-01,actual,CF,cf_net_income,722842.3333333327
2022-01,actual,CF,cf_depreciation,116666.66666666667
2022-01,actual,CF,cf_change_in_ar,-10553219.178082189
2022-01,actual,CF,cf_change_in_inventory,-6849998.630136986
2022-01,actual,CF,cf_change_in_ap,4835293.150684931
2022-01,actual,CF,cf_capex,-175087.49999999997
2022-01,actual,CF,cf_change_in_debt,-60000.0
2022-01,actual,CF,cf_dividends,-0.0
2022-02,actual,PL,revenue,5707157.319586257
2022-02,actual,PL,cogs,2397006.0742262285
2022-02,actual,PL,opex_selling,627787.3051544883
2022-02,actual,PL,opex_marketing,513644.15876276314
2022-02,actual,PL,opex_ga,1102712.896749534
2022-02,actual,PL,depreciation,117153.50694444445
2022-02,actual,PL,interest_expense,49700.0
2022-02,actual,PL,tax_expense,215796.81065971171
2022-02,actual,BS,cash,-1116216.4419781629
2022-02,actual,BS,accounts_receivable,10319791.317608027
2022-02,actual,BS,inventory,6698482.727974665
2022-02,actual,BS,ppe_net,14112482.045976477
2022-02,actual,BS,accounts_payable,4728340.749158587
2022-02,actual,BS,debt,9880000.0
2022-02,actual,BS,common_stock,8000000.0
2022-02,actual,BS,retained_earnings,7406198.90042242
2022-02,actual,CF,cf_net_income,683356.5670890871
2022-02,actual,CF,cf_depreciation,117153.50694444445
2022-02,actual,CF,cf_change_in_ar,233427.8604741618
2022-02,actual,CF,cf_change_in_inventory,151515.9021623209
2022-02,actual,CF,cf_change_in_ap,-106952.40152634401
2022-02,actual,CF,cf_capex,-171214.71958758772
2022-02,actual,CF,cf_change_in_debt,-60000.0
2022-02,actual,CF,cf_dividends,-0.0
2022-03,actual,PL,revenue,5372258.423399067
2022-03,actual,PL,cogs,2256348.537827608
2022-03,actual,PL,opex_selling,590948.4265738974
2022-03,actual,PL,opex_marketing,483503.258105916
2022-03,actual,PL,opex_ga,1105432.4842343165
2022-03,actual,PL,depreciation,117604.01704980398
2022-03,actual,PL,interest_expense,49400.0
2022-03,actual,PL,tax_expense,184565.2079058059
2022-03,actual,BS,cash,-89481.0926086281
2022-03,actual,BS,accounts_receivable,9714220.71080379
2022-03,actual,BS,inventory,6305412.352285371
2022-03,actual,BS,ppe_net,14156045.781628644
2022-03,actual,BS,accounts_payable,4450879.307495556
2022-03,actual,BS,debt,9820000.0
2022-03,actual,BS,common_stock,8000000.0
2022-03,actual,BS,retained_earnings,7815318.444613623
2022-03,actual,CF,cf_net_income,584456.4917017188
2022-03,actual,CF,cf_depreciation,117604.01704980398
2022-03,actual,CF,cf_change_in_ar,605570.6068042368
2022-03,actual,CF,cf_change_in_inventory,393070.3756892942
2022-03,actual,CF,cf_change_in_ap,-277461.44166303147
2022-03,actual,CF,cf_capex,-161167.752701972
2022-03,actual,CF,cf_change_in_debt,-60000.0
2022-03,actual,CF,cf_dividends,-175336.94751051563
2022-04,actual,PL,revenue,5034535.957932827
2022-04,actual,PL,cogs,2114505.1023317873
2022-04,actual,PL,opex_selling,553798.955372611
2022-04,actual,PL,opex_marketing,453108.2362139544
2022-04,actual,PL,opex_ga,1108158.7789555062
2022-04,actual,PL,depreciation,117967.04818023871
2022-04,actual,PL,interest_expense,49100.0
2022-04,actual,PL,tax_expense,153095.48085089505
2022-04,actual,BS,cash,1029512.1173997156
2022-04,actual,BS,accounts_receivable,9103544.471878538
2022-04,actual,BS,inventory,5909027.95720116
2022-04,actual,BS,ppe_net,14189114.81218639
2022-04,actual,BS,accounts_payable,4171078.5580243478
2022-04,actual,BS,debt,9760000.0
2022-04,actual,BS,common_stock,8000000.0
2022-04,actual,BS,retained_earnings,8300120.800641458
2022-04,actual,CF,cf_net_income,484802.35602783435
2022-04,actual,CF,cf_depreciation,117967.04818023871
2022-04,actual,CF,cf_change_in_ar,610676.2389252521
2022-04,actual,CF,cf_change_in_inventory,396384.3950842116
2022-04,actual,CF,cf_change_in_ap,-279800.7494712081
2022-04,actual,CF,cf_capex,-151036.07873798482
2022-04,actual,CF,cf_change_in_debt,-60000.0
2022-04,actual,CF,cf_dividends,-0.0
2022-05,actual,PL,revenue,4745554.589968551
2022-05,actual,PL,cogs,1993132.9277867917
2022-05,actual,PL,opex_selling,522011.0048965406
2022-05,actual,PL,opex_marketing,427099.91309716954
2022-05,actual,PL,opex_ga,1110891.797454957
2022-05,actual,PL,depreciation,118242.62343488658
2022-05,actual,PL,interest_expense,48800.0
2022-05,actual,PL,tax_expense,126090.31759156934
2022-05,actual,BS,cash,1966973.712184432
2022-05,actual,BS,accounts_receivable,8581002.820217106
2022-05,actual,BS,inventory,5569850.921486377
2022-05,actual,BS,ppe_net,14213238.82645056
2022-05,actual,BS,accounts_payable,3931659.4739903836
2022-05,actual,BS,debt,9700000.0
2022-05,actual,BS,common_stock,8000000.0
2022-05,actual,BS,retained_earnings,8699406.806348095
2022-05,actual,CF,cf_net_income,399286.0057066363
2022-05,actual,CF,cf_depreciation,118242.62343488658
2022-05,actual,CF,cf_change_in_ar,522541.6516614314
2022-05,actual,CF,cf_change_in_inventory,339177.0357147828
2022-05,actual,CF,cf_change_in_ap,-239419.0840339642
2022-05,actual,CF,cf_capex,-142366.63769905653
2022-05,actual,CF,cf_change_in_debt,-60000.0
2022-05,actual,CF,cf_dividends,-0.0
2022-06,actual,PL,revenue,4375410.718722077
2022-06,actual,PL,cogs,1837672.5018632726
2022-06,actual,PL,opex_selling,481295.17905942845
2022-06,actual,PL,opex_marketing,393786.9646849869
2022-06,actual,PL,opex_ga,1113631.5563153203
2022-06,actual,PL,depreciation,118443.65688708801
2022-06,actual,PL,interest_expense,48500.0
2022-06,actual,PL,tax_expense,91699.40637887533
2022-06,actual,BS,cash,2894499.0041603716
2022-06,actual,BS,accounts_receivable,7911701.573579646
2022-06,actual,BS,inventory,5135413.566850789
2022-06,actual,BS,ppe_net,14226057.491125135
2022-06,actual,BS,accounts_payable,3624997.811894675
2022-06,actual,BS,debt,9640000.0
2022-06,actual,BS,common_stock,8000000.0
2022-06,actual,BS,retained_earnings,8902673.823821269
2022-06,actual,CF,cf_net_income,290381.4535331052
2022-06,actual,CF,cf_depreciation,118443.65688708801
2022-06,actual,CF,cf_change_in_ar,669301.2466374608
2022-06,actual,CF,cf_change_in_inventory,434437.3546355879
2022-06,actual,CF,cf_change_in_ap,-306661.6620957088
2022-06,actual,CF,cf_capex,-131262.3215616623
2022-06,actual,CF,cf_change_in_debt,-60000.0
2022-06,actual,CF,cf_dividends,-87114.43605993156
2022-07,actual,PL,revenue,4243467.251199189
2022-07,actual,PL,cogs,1782256.2455036594
2022-07,actual,PL,opex_selling,466781.39763191075
2022-07,actual,PL,opex_marketing,381912.05260792695
2022-07,actual,PL,opex_ga,1116378.072160144
2022-07,actual,PL,depreciation,118550.47909270947
2022-07,actual,PL,interest_expense,48200.0
2022-07,actual,PL,tax_expense,79053.36100868112
2022-07,actual,BS,cash,3360211.4252756187
2022-07,actual,BS,accounts_receivable,7673118.865182094
2022-07,actual,BS,inventory,4980551.699763651
2022-07,actual,BS,ppe_net,14234811.0295684
2022-07,actual,BS,accounts_payable,3515683.552774342
2022-07,actual,BS,debt,9580000.0
2022-07,actual,BS,common_stock,8000000.0
2022-07,actual,BS,retained_earnings,9153009.467015427
2022-07,actual,CF,cf_net_income,250335.64319415693
2022-07,actual,CF,cf_depreciation,118550.47909270947
2022-07,actual,CF,cf_change_in_ar,238582.70839755144
2022-07,actual,CF,cf_change_in_inventory,154861.86708713789
2022-07,actual,CF,cf_change_in_ap,-109314.25912033301
2022-07,actual,CF,cf_capex,-127304.01753597565
2022-07,actual,CF,cf_change_in_debt,-60000.0
2022-07,actual,CF,cf_dividends,-0.0
2022-08,actual,PL,revenue,4511388.348055516
2022-08,actual,PL,cogs,1894783.106183317
2022-08,actual,PL,opex_selling,496252.7182861068
2022-08,actual,PL,opex_marketing,406024.9513249965
2022-08,actual,PL,opex_ga,1119131.3616539752
2022-08,actual,PL,depreciation,118623.42524640333
2022-08,actual,PL,interest_expense,47900.0
2022-08,actual,PL,tax_expense,102881.46848657218
2022-08,actual,BS,cash,3032336.6207104637
2022-08,actual,BS,accounts_receivable,8157578.930730524
2022-08,actual,BS,inventory,5295010.324128722
2022-08,actual,BS,ppe_net,14251529.254763663
2022-08,actual,BS,accounts_payable,3737654.346443804
2022-08,actual,BS,debt,9520000.0
2022-08,actual,BS,common_stock,8000000.0
2022-08,actual,BS,retained_earnings,9478800.783889571
2022-08,actual,CF,cf_net_income,325791.3168741453
2022-08,actual,CF,cf_depreciation,118623.42524640333
2022-08,actual,CF,cf_change_in_ar,-484460.06554842927
2022-08,actual,CF,cf_change_in_inventory,-314458.62436507083
2022-08,actual,CF,cf_change_in_ap,221970.7936694622
2022-08,actual,CF,cf_capex,-135341.6504416655
2022-08,actual,CF,cf_change_in_debt,-60000.0
2022-08,actual,CF,cf_dividends,-0.0
2022-09,actual,PL,revenue,5137931.639547652
2022-09,actual,PL,cogs,2157931.2886100137
2022-09,actual,PL,opex_selling,565172.4803502416
2022-09,actual,PL,opex_marketing,462413.8475592886
2022-09,actual,PL,opex_ga,1121891.4415024596
2022-09,actual,PL,depreciation,118762.7437896972
2022-09,actual,PL,interest_expense,47600.0
2022-09,actual,PL,tax_expense,159398.36105662826
2022-09,actual,BS,cash,1941080.6760774273
2022-09,actual,BS,accounts_receivable,9290506.526305342
2022-09,actual,BS,inventory,6030383.327074559
2022-09,actual,BS,ppe_net,14286904.460160395
2022-09,actual,BS,accounts_payable,4256741.17205263
2022-09,actual,BS,debt,9460000.0
2022-09,actual,BS,common_stock,8000000.0
2022-09,actual,BS,retained_earnings,9832133.817565098
2022-09,actual,CF,cf_net_income,504761.4766793228
2022-09,actual,CF,cf_depreciation,118762.7437896972
2022-09,actual,CF,cf_change_in_ar,-1132927.5955748186
2022-09,actual,CF,cf_change_in_inventory,-735373.0029458376
2022-09,actual,CF,cf_change_in_ap,519086.82560882624
2022-09,actual,CF,cf_capex,-154137.94918642956
2022-09,actual,CF,cf_change_in_debt,-60000.0
2022-09,actual,CF,cf_dividends,-151428.44300379683
2022-10,actual,PL,revenue,5527354.509684741
2022-10,actual,PL,cogs,2321488.894067591
2022-10,actual,PL,opex_selling,608008.9960653215
2022-10,actual,PL,opex_marketing,747461.9058716267
2022-10,actual,PL,opex_ga,1124658.328452443
2022-10,actual,PL,depreciation,119057.53716800331
2022-10,actual,PL,interest_expense,47300.0
2022-10,actual,PL,tax_expense,134250.92353434124
2022-10,actual,BS,cash,1420852.6917193376
2022-10,actual,BS,accounts_receivable,9994668.428471038
2022-10,actual,BS,inventory,6487448.416298473
2022-10,actual,BS,ppe_net,14333667.558282934
2022-10,actual,BS,accounts_payable,4579375.352681275
2022-10,actual,BS,debt,9400000.0
2022-10,actual,BS,common_stock,8000000.0
2022-10,actual,BS,retained_earnings,10257261.742090512
2022-10,actual,CF,cf_net_income,425127.9245254139
2022-10,actual,CF,cf_depreciation,119057.53716800331
2022-10,actual,CF,cf_change_in_ar,-704161.902165696
2022-10,actual,CF,cf_change_in_inventory,-457065.08922391385
2022-10,actual,CF,cf_change_in_ap,322634.18062864523
2022-10,actual,CF,cf_capex,-165820.6352905422
2022-10,actual,CF,cf_change_in_debt,-60000.0
2022-10,actual,CF,cf_dividends,-0.0
2022-11,actual,PL,revenue,5814153.333112985
2022-11,actual,PL,cogs,2441944.399907454
2022-11,actual,PL,opex_selling,639556.8666424283
2022-11,actual,PL,opex_marketing,773273.7999801687
2022-11,actual,PL,opex_ga,1127432.0392920747
2022-11,actual,PL,depreciation,119447.2296523578
2022-11,actual,PL,interest_expense,47000.0
2022-11,actual,PL,tax_expense,159719.75943324028
2022-11,actual,BS,cash,1194054.9014613756
2022-11,actual,BS,accounts_receivable,10513263.561245397
2022-11,actual,BS,inventory,6824063.802481104
2022-11,actual,BS,ppe_net,14388644.928623965
2022-11,actual,BS,accounts_payable,4816986.213516073
2022-11,actual,BS,debt,9340000.0
2022-11,actual,BS,common_stock,8000000.0
2022-11,actual,BS,retained_earnings,10763040.980295774
2022-11,actual,CF,cf_net_income,505779.23820526095
2022-11,actual,CF,cf_depreciation,119447.2296523578
2022-11,actual,CF,cf_change_in_ar,-518595.1327743586
2022-11,actual,CF,cf_change_in_inventory,-336615.38618263043
2022-11,actual,CF,cf_change_in_ap,237610.86083479784
2022-11,actual,CF,cf_capex,-174424.59999338954
2022-11,actual,CF,cf_change_in_debt,-60000.0
2022-11,actual,CF,cf_dividends,-0.0
2022-12,actual,PL,revenue,5413270.665235438
2022-12,actual,PL,cogs,2273573.6793988845
2022-12,actual,PL,opex_selling,595459.7731758982
2022-12,actual,PL,opex_marketing,737194.3598711895
2022-12,actual,PL,opex_ga,1130212.5908509076
2022-12,actual,PL,depreciation,119905.37440519972
2022-12,actual,PL,interest_expense,46700.0
2022-12,actual,PL,tax_expense,122453.97300800604
2022-12,actual,BS,cash,2226272.417862878
2022-12,actual,BS,accounts_receivable,9788379.833028464
2022-12,actual,BS,inventory,6353548.364347568
2022-12,actual,BS,ppe_net,14431137.674175829
2022-12,actual,BS,accounts_payable,4484857.668951224
2022-12,actual,BS,debt,9280000.0
2022-12,actual,BS,common_stock,8000000.0
2022-12,actual,BS,retained_earnings,11034480.62046352
2022-12,actual,CF,cf_net_income,387770.9145253525
2022-12,actual,CF,cf_depreciation,119905.37440519972
2022-12,actual,CF,cf_change_in_ar,724883.7282169331
2022-12,actual,CF,cf_change_in_inventory,470515.4381335359
2022-12,actual,CF,cf_change_in_ap,-332128.5445648497
2022-12,actual,CF,cf_capex,-162398.11995706314
2022-12,actual,CF,cf_change_in_debt,-60000.0
2022-12,actual,CF,cf_dividends,-116331.27435760574
2023-01,actual,PL,revenue,6128062.499999999
2023-01,actual,PL,cogs,2573786.25
2023-01,actual,PL,opex_selling,674086.8749999999
2023-01,actual,PL,opex_marketing,551525.6249999999
2023-01,actual,PL,opex_ga,1133000.0
2023-01,actual,PL,depreciation,120259.48061813191
2023-01,actual,PL,interest_expense,46400.0
2023-01,actual,PL,tax_expense,246961.02465164813
2023-01,actual,BS,cash,1345482.906225081
2023-01,actual,BS,accounts_receivable,11080880.136986298
2023-01,actual,BS,inventory,7192498.561643835
2023-01,actual,BS,ppe_net,14494720.068557696
2023-01,actual,BS,accounts_payable,5077057.808219178
2023-01,actual,BS,debt,9220000.0
2023-01,actual,BS,common_stock,8000000.0
2023-01,actual,BS,retained_earnings,11816523.86519374
2023-01,actual,CF,cf_net_income,782043.2447302191
2023-01,actual,CF,cf_depreciation,120259.48061813191
2023-01,actual,CF,cf_change_in_ar,-1292500.3039578348
2023-01,actual,CF,cf_change_in_inventory,-838950.1972962674
2023-01,actual,CF,cf_change_in_ap,592200.139267954
2023-01,actual,CF,cf_capex,-183841.87499999997
2023-01,actual,CF,cf_change_in_debt,-60000.0
2023-01,actual,CF,cf_dividends,-0.0
2023-02,actual,PL,revenue,5992515.185565569
2023-02,actual,PL,cogs,2516856.3779375395
2023-02,actual,PL,opex_selling,659176.6704122126
2023-02,actual,PL,opex_marketing,539326.3667009012
2023-02,actual,PL,opex_ga,1135794.2836520202
2023-02,actual,PL,depreciation,120789.33390464749
2023-02,actual,PL,interest_expense,46100.0
2023-02,actual,PL,tax_expense,233873.31670997964
2023-02,actual,BS,cash,2258986.5499766767
2023-02,actual,BS,accounts_receivable,10835780.883488428
2023-02,actual,BS,inventory,7033406.864373398
2023-02,actual,BS,ppe_net,14553706.190220015
2023-02,actual,BS,accounts_payable,4964757.786616516
2023-02,actual,BS,debt,9160000.0
2023-02,actual,BS,common_stock,8000000.0
2023-02,actual,BS,retained_earnings,12557122.701442009
2023-02,actual,CF,cf_net_income,740598.8362482688
2023-02,actual,CF,cf_depreciation,120789.33390464749
2023-02,actual,CF,cf_change_in_ar,245099.25349787064
2023-02,actual,CF,cf_change_in_inventory,159091.69727043714
2023-02,actual,CF,cf_change_in_ap,-112300.02160266135
2023-02,actual,CF,cf_capex,-179775.45556696708
2023-02,actual,CF,cf_change_in_debt,-60000.0
2023-02,actual,CF,cf_dividends,-0.0
2023-03,actual,PL,revenue,5640871.34456902
2023-03,actual,PL,cogs,2369165.9647189886
2023-03,actual,PL,opex_selling,620495.8479025922
2023-03,actual,PL,opex_marketing,507678.42101121176
2023-03,actual,PL,opex_ga,1138595.4587613463
2023-03,actual,PL,depreciation,121280.88491850013
2023-03,actual,PL,interest_expense,45800.0
2023-03,actual,PL,tax_expense,201085.1441415314
2023-03,actual,BS,cash,3354018.5486105224
2023-03,actual,BS,accounts_receivable,10199931.746343981
2023-03,actual,BS,inventory,6620682.96989964
2023-03,actual,BS,ppe_net,14601651.445638586
2023-03,actual,BS,accounts_payable,4673423.272870334
2023-03,actual,BS,debt,9100000.0
2023-03,actual,BS,common_stock,8000000.0
2023-03,actual,BS,retained_earnings,13002861.437622402
2023-03,actual,CF,cf_net_income,636769.6231148494
2023-03,actual,CF,cf_depreciation,121280.88491850013
2023-03,actual,CF,cf_change_in_ar,635849.1371444464
2023-03,actual,CF,cf_change_in_inventory,412723.8944737576
2023-03,actual,CF,cf_change_in_ap,-291334.51374618243
2023-03,actual,CF,cf_capex,-169226.1403370706
2023-03,actual,CF,cf_change_in_debt,-60000.0
2023-03,actual,CF,cf_dividends,-191030.88693445481
2023-04,actual,PL,revenue,5286262.755829468
2023-04,actual,PL,cogs,2220230.3574483767
2023-04,actual,PL,opex_selling,581488.9031412415
2023-04,actual,PL,opex_marketing,475763.64802465215
2023-04,actual,PL,opex_ga,1141403.5423241716
2023-04,actual,PL,depreciation,121680.42871365488
2023-04,actual,PL,interest_expense,45500.0
2023-04,actual,PL,tax_expense,168047.01028256916
2023-04,actual,BS,cash,4552882.839309267
2023-04,actual,BS,accounts_receivable,9558721.695472464
2023-04,actual,BS,inventory,6204479.355061217
2023-04,actual,BS,ppe_net,14638558.899599815
2023-04,actual,BS,accounts_payable,4379632.485925565
2023-04,actual,BS,debt,9040000.0
2023-04,actual,BS,common_stock,8000000.0
2023-04,actual,BS,retained_earnings,13535010.303517204
2023-04,actual,CF,cf_net_income,532148.8658948024
2023-04,actual,CF,cf_depreciation,121680.42871365488
2023-04,actual,CF,cf_change_in_ar,641210.0508715175
2023-04,actual,CF,cf_change_in_inventory,416203.6148384232
2023-04,actual,CF,cf_change_in_ap,-293790.7869447693
2023-04,actual,CF,cf_capex,-158587.88267488405
2023-04,actual,CF,cf_change_in_debt,-60000.0
2023-04,actual,CF,cf_dividends,-0.0
2023-05,actual,PL,revenue,4982832.319466978
2023-05,actual,PL,cogs,2092789.574176131
2023-05,actual,PL,opex_selling,548111.5551413676
2023-05,actual,PL,opex_marketing,448454.908752028
2023-05,actual,PL,opex_ga,1144218.551378606
2023-05,actual,PL,depreciation,121987.99082999847
2023-05,actual,PL,interest_expense,45200.0
2023-05,actual,PL,tax_expense,139696.73740532345
2023-05,actual,BS,cash,5561173.445848144
2023-05,actual,BS,accounts_receivable,9010052.96122796
2023-05,actual,BS,inventory,5848343.467560695
2023-05,actual,BS,ppe_net,14666055.878353825
2023-05,actual,BS,accounts_payable,4128242.4476899025
2023-05,actual,BS,debt,8980000.0
2023-05,actual,BS,common_stock,8000000.0
2023-05,actual,BS,retained_earnings,13977383.305300727
2023-05,actual,CF,cf_net_income,442373.0017835243
2023-05,actual,CF,cf_depreciation,121987.99082999847
2023-05,actual,CF,cf_change_in_ar,548668.7342445031
2023-05,actual,CF,cf_change_in_inventory,356135.88750052266
2023-05,actual,CF,cf_change_in_ap,-251390.03823566204
2023-05,actual,CF,cf_capex,-149484.96958400935
2023-05,actual,CF,cf_change_in_debt,-60000.0
2023-05,actual,CF,cf_dividends,-0.0
2023-06,actual,PL,revenue,4785605.4736022735
2023-06,actual,PL,cogs,2009954.298912955
2023-06,actual,PL,opex_selling,526416.60209625
2023-06,actual,PL,opex_marketing,430704.4926242046
2023-06,actual,PL,opex_ga,1147040.5030047798
2023-06,actual,PL,depreciation,122217.13231961522
2023-06,actual,PL,interest_expense,44900.0
2023-06,actual,PL,tax_expense,121049.38671467257
2023-06,actual,BS,cash,6172861.707523309
2023-06,actual,BS,accounts_receivable,8653423.596102742
2023-06,actual,BS,inventory,5616858.5887430515
2023-06,actual,BS,ppe_net,14687406.910242278
2023-06,actual,BS,accounts_payable,3964841.3567598015
2023-06,actual,BS,debt,8920000.0
2023-06,actual,BS,common_stock,8000000.0
2023-06,actual,BS,retained_earnings,14245709.445851585
2023-06,actual,CF,cf_net_income,383323.0579297965
2023-06,actual,CF,cf_depreciation,122217.13231961522
2023-06,actual,CF,cf_change_in_ar,356629.3651252184
2023-06,actual,CF,cf_change_in_inventory,231484.87881764304
2023-06,actual,CF,cf_change_in_ap,-163401.090930101
2023-06,actual,CF,cf_capex,-143568.1642080682
2023-06,actual,CF,cf_change_in_debt,-60000.0
2023-06,actual,CF,cf_dividends,-114996.91737893895
2023-07,actual,PL,revenue,4641292.305999112
2023-07,actual,PL,cogs,2005038.2761916167
2023-07,actual,PL,opex_selling,510542.15365990234
2023-07,actual,PL,opex_marketing,417716.3075399201
2023-07,actual,PL,opex_ga,1149869.4143249486
2023-07,actual,PL,depreciation,122395.05758535233
2023-07,actual,PL,interest_expense,44600.0
2023-07,actual,PL,tax_expense,93871.46320736936
2023-07,actual,BS,cash,6658268.033348794
2023-07,actual,BS,accounts_receivable,8392473.758792916
2023-07,actual,BS,inventory,5603120.662234107
2023-07,actual,BS,ppe_net,14704250.621836899
2023-07,actual,BS,accounts_payable,3955143.9968711343
2023-07,actual,BS,debt,8860000.0
2023-07,actual,BS,common_stock,8000000.0
2023-07,actual,BS,retained_earnings,14542969.079341589
2023-07,actual,CF,cf_net_income,297259.633490003
2023-07,actual,CF,cf_depreciation,122395.05758535233
2023-07,actual,CF,cf_change_in_ar,260949.83730982617
2023-07,actual,CF,cf_change_in_inventory,13737.926508944482
2023-07,actual,CF,cf_change_in_ap,-9697.35988866724
2023-07,actual,CF,cf_capex,-139238.76917997337
2023-07,actual,CF,cf_change_in_debt,-60000.0
2023-07,actual,CF,cf_dividends,-0.0
2023-08,actual,PL,revenue,4934331.005685721
2023-08,actual,PL,cogs,2131630.9944562316
2023-08,actual,PL,opex_selling,542776.4106254292
2023-08,actual,PL,opex_marketing,444089.7905117148
2023-08,actual,PL,opex_ga,1152705.3025035947
2023-08,actual,PL,depreciation,122535.42184864084
2023-08,actual,PL,interest_expense,44300.0
2023-08,actual,PL,tax_expense,119110.34057762627
2023-08,actual,BS,cash,6316029.2639631955
2023-08,actual,BS,accounts_receivable,8922351.955486508
2023-08,actual,BS,inventory,5956886.614644811
2023-08,actual,BS,ppe_net,14729745.130158829
2023-08,actual,BS,accounts_payable,4204861.139749278
2023-08,actual,BS,debt,8800000.0
2023-08,actual,BS,common_stock,8000000.0
2023-08,actual,BS,retained_earnings,14920151.824504072
2023-08,actual,CF,cf_net_income,377182.7451624832
2023-08,actual,CF,cf_depreciation,122535.42184864084
2023-08,actual,CF,cf_change_in_ar,-529878.1966935918
2023-08,actual,CF,cf_change_in_inventory,-353765.9524107035
2023-08,actual,CF,cf_change_in_ap,249717.14287814405
2023-08,actual,CF,cf_capex,-148029.9301705716
2023-08,actual,CF,cf_change_in_debt,-60000.0
2023-08,actual,CF,cf_dividends,-0.0
2023-09,actual,PL,revenue,5394828.221525035
2023-09,actual,PL,cogs,2330565.7916988153
2023-09,actual,PL,opex_selling,593431.1043677538
2023-09,actual,PL,opex_marketing,485534.5399372531
2023-09,actual,PL,opex_ga,2055548.1847475332
2023-09,actual,PL,depreciation,122747.87608465692
2023-09,actual,PL,interest_expense,44000.0
2023-09,actual,PL,tax_expense,0.0
2023-09,actual,BS,cash,4983745.068428869
2023-09,actual,BS,accounts_receivable,9755031.852620611
2023-09,actual,BS,inventory,6512813.993240525
2023-09,actual,BS,ppe_net,14768842.100719923
2023-09,actual,BS,accounts_payable,4597280.465816841
2023-09,actual,BS,debt,8740000.0
2023-09,actual,BS,common_stock,8000000.0
2023-09,actual,BS,retained_earnings,14683152.549193094
2023-09,actual,CF,cf_net_income,-236999.2753109776
2023-09,actual,CF,cf_depreciation,122747.87608465692
2023-09,actual,CF,cf_change_in_ar,-832679.8971341029
2023-09,actual,CF,cf_change_in_inventory,-555927.3785957145
2023-09,actual,CF,cf_change_in_ap,392419.32606756315
2023-09,actual,CF,cf_capex,-161844.84664575104
2023-09,actual,CF,cf_change_in_debt,-60000.0
2023-09,actual,CF,cf_dividends,-0.0
2023-10,actual,PL,revenue,5803722.235168979
2023-10,actual,PL,cogs,2507208.005592999
2023-10,actual,PL,opex_selling,638409.4458685877
2023-10,actual,PL,opex_marketing,772335.001165208
2023-10,actual,PL,opex_ga,1158398.0783060163
2023-10,actual,PL,depreciation,123073.68417266604
2023-10,actual,PL,interest_expense,43700.0
2023-10,actual,PL,tax_expense,134543.5248152404
2023-10,actual,BS,cash,4414206.202237857
2023-10,actual,BS,accounts_receivable,10494401.84989459
2023-10,actual,BS,inventory,7006444.289602354
2023-10,actual,BS,ppe_net,14819880.083602326
2023-10,actual,BS,accounts_payable,4945725.3808957795
2023-10,actual,BS,debt,8680000.0
2023-10,actual,BS,common_stock,8000000.0
2023-10,actual,BS,retained_earnings,15109207.044441355
2023-10,actual,CF,cf_net_income,426054.49524826126
2023-10,actual,CF,cf_depreciation,123073.68417266604
2023-10,actual,CF,cf_change_in_ar,-739369.9972739797
2023-10,actual,CF,cf_change_in_inventory,-493630.29636182915
2023-10,actual,CF,cf_change_in_ap,348444.915078938
2023-10,actual,CF,cf_capex,-174111.66705506935
2023-10,actual,CF,cf_change_in_debt,-60000.0
2023-10,actual,CF,cf_dividends,-0.0
2023-11,actual,PL,revenue,6104860.999768635
2023-11,actual,PL,cogs,2637299.9519000505
2023-11,actual,PL,opex_selling,671534.7099745498
2023-11,actual,PL,opex_marketing,799437.4899791771
2023-11,actual,PL,opex_ga,1161255.000470837
2023-11,actual,PL,depreciation,123499.00069668605
2023-11,actual,PL,interest_expense,43400.0
2023-11,actual,PL,tax_expense,160424.3632193603
2023-11,actual,BS,cash,4151120.0796807213
2023-11,actual,BS,accounts_receivable,11038926.739307668
2023-11,actual,BS,inventory,7369988.906679594
2023-11,actual,BS,ppe_net,14879526.9128987
2023-11,actual,BS,accounts_payable,5202345.11059736
2023-11,actual,BS,debt,8620000.0
2023-11,actual,BS,common_stock,8000000.0
2023-11,actual,BS,retained_earnings,15617217.52796933
2023-11,actual,CF,cf_net_income,508010.4835279743
2023-11,actual,CF,cf_depreciation,123499.00069668605
2023-11,actual,CF,cf_change_in_ar,-544524.8894130774
2023-11,actual,CF,cf_change_in_inventory,-363544.6170772398
2023-11,actual,CF,cf_change_in_ap,256619.72970158048
2023-11,actual,CF,cf_capex,-183145.82999305904
2023-11,actual,CF,cf_change_in_debt,-60000.0
2023-11,actual,CF,cf_dividends,-0.0
2023-12,actual,PL,revenue,5683934.198497211
2023-12,actual,PL,cogs,2455459.5737507953
2023-12,actual,PL,opex_selling,625232.7618346931
2023-12,actual,PL,opex_marketing,761554.0778647489
2023-12,actual,PL,opex_ga,1164118.9685764348
2023-12,actual,PL,depreciation,123996.05760748917
2023-12,actual,PL,interest_expense,43100.0
2023-12,actual,PL,tax_expense,122513.46212713183
2023-12,actual,BS,cash,5226755.3787303995
2023-12,actual,BS,accounts_receivable,10277798.824679889
2023-12,actual,BS,inventory,6861832.233495372
2023-12,actual,BS,ppe_net,14926048.881246129
2023-12,actual,BS,accounts_payable,4843646.282467322
2023-12,actual,BS,debt,8560000.0
2023-12,actual,BS,common_stock,8000000.0
2023-12,actual,BS,retained_earnings,15888789.035684474
2023-12,actual,CF,cf_net_income,387959.2967359175
2023-12,actual,CF,cf_depreciation,123996.05760748917
2023-12,actual,CF,cf_change_in_ar,761127.9146277793
2023-12,actual,CF,cf_change_in_inventory,508156.6731842216
2023-12,actual,CF,cf_change_in_ap,-358698.8281300375
2023-12,actual,CF,cf_capex,-170518.02595491632
2023-12,actual,CF,cf_change_in_debt,-60000.0
2023-12,actual,CF,cf_dividends,-116387.78902077525
2024-01,actual,PL,revenue,6434465.624999999
2024-01,actual,PL,cogs,2779689.15
2024-01,actual,PL,opex_selling,707791.2187499999
2024-01,actual,PL,opex_marketing,579101.9062499999
2024-01,actual,PL,opex_ga,1166990.0
2024-01,actual,PL,depreciation,124383.74067705109
2024-01,actual,PL,interest_expense,42800.0
2024-01,actual,PL,tax_expense,248090.30623750755
2024-01,actual,BS,cash,4260109.071916588
2024-01,actual,BS,accounts_receivable,11634924.143835614
2024-01,actual,BS,inventory,7767898.446575341
2024-01,actual,BS,ppe_net,14994699.109319078
2024-01,actual,BS,accounts_payable,5483222.432876712
2024-01,actual,BS,debt,8500000.0
2024-01,actual,BS,common_stock,8000000.0
2024-01,actual,BS,retained_earnings,16674408.338769915
2024-01,actual,CF,cf_net_income,785619.3030854405
2024-01,actual,CF,cf_depreciation,124383.74067705109
2024-01,actual,CF,cf_change_in_ar,-1357125.3191557247
2024-01,actual,CF,cf_change_in_inventory,-906066.2130799685
2024-01,actual,CF,cf_change_in_ap,639576.1504093893
2024-01,actual,CF,cf_capex,-193033.96874999997
2024-01,actual,CF,cf_change_in_debt,-60000.0
2024-01,actual,CF,cf_dividends,-0.0
2024-02,actual,PL,revenue,6292140.944843848
2024-02,actual,PL,cogs,2718204.8881725427
2024-02,actual,PL,opex_selling,692135.5039328233
2024-02,actual,PL,opex_marketing,566292.6850359463
2024-02,actual,PL,opex_ga,1169868.1121615805
2024-02,actual,PL,depreciation,124955.82591099232
2024-02,actual,PL,interest_expense,42500.0
2024-02,actual,PL,tax_expense,234764.1431111911
2024-02,actual,BS,cash,5187609.681894997
2024-02,actual,BS,accounts_receivable,11377569.92766285
2024-02,actual,BS,inventory,7596079.413523271
2024-02,actual,BS,ppe_net,15058507.5117534
2024-02,actual,BS,accounts_payable,5361938.409545838
2024-02,actual,BS,debt,8440000.0
2024-02,actual,BS,common_stock,8000000.0
2024-02,actual,BS,retained_earnings,17417828.125288688
2024-02,actual,CF,cf_net_income,743419.7865187719
2024-02,actual,CF,cf_depreciation,124955.82591099232
2024-02,actual,CF,cf_change_in_ar,257354.21617276408
2024-02,actual,CF,cf_change_in_inventory,171819.03305207007
2024-02,actual,CF,cf_change_in_ap,-121284.02333087381
2024-02,actual,CF,cf_capex,-188764.22834531544
2024-02,actual,CF,cf_change_in_debt,-60000.0
2024-02,actual,CF,cf_dividends,-0.0
2024-03,actual,PL,revenue,5922914.911797472
2024-03,actual,PL,cogs,2558699.2418965083
2024-03,actual,PL,opex_selling,651520.640297722
2024-03,actual,PL,opex_marketing,533062.3420617725
2024-03,actual,PL,opex_ga,1172753.3225241867
2024-03,actual,PL,depreciation,125487.56259794503
2024-03,actual,PL,interest_expense,42200.0
2024-03,actual,PL,tax_expense,201406.03258064107
2024-03,actual,BS,cash,6320601.961213553
2024-03,actual,BS,accounts_receivable,10709928.333661184
2024-03,actual,BS,inventory,7150337.607491612
2024-03,actual,BS,ppe_net,15110707.39650938
2024-03,actual,BS,accounts_payable,5047297.134699961
2024-03,actual,BS,debt,8380000.0
2024-03,actual,BS,common_stock,8000000.0
2024-03,actual,BS,retained_earnings,17864278.16417578
2024-03,actual,CF,cf_net_income,637785.7698386967
2024-03,actual,CF,cf_depreciation,125487.56259794503
2024-03,actual,CF,cf_change_in_ar,667641.5940016657
2024-03,actual,CF,cf_change_in_inventory,445741.8060316583
2024-03,actual,CF,cf_change_in_ap,-314641.27484587673
2024-03,actual,CF,cf_capex,-177687.44735392416
2024-03,actual,CF,cf_change_in_debt,-60000.0
2024-03,actual,CF,cf_dividends,-191335.730951609
2024-04,actual,PL,revenue,5550575.893620941
2024-04,actual,PL,cogs,2397848.7860442465
2024-04,actual,PL,opex_selling,610563.3482983036
2024-04,actual,PL,opex_marketing,499551.83042588463
2024-04,actual,PL,opex_ga,1175645.6485938965
2024-04,actual,PL,depreciation,125922.56163757817
2024-04,actual,PL,interest_expense,41900.0
2024-04,actual,PL,tax_expense,167794.4924690475
2024-04,actual,BS,cash,7556832.879734734
2024-04,actual,BS,accounts_receivable,10036657.780246085
2024-04,actual,BS,inventory,6700837.703466114
2024-04,actual,BS,ppe_net,15151302.11168043
2024-04,actual,BS,accounts_payable,4730003.08479961
2024-04,actual,BS,debt,8320000.0
2024-04,actual,BS,common_stock,8000000.0
2024-04,actual,BS,retained_earnings,18395627.390327763
2024-04,actual,CF,cf_net_income,531349.2261519837
2024-04,actual,CF,cf_depreciation,125922.56163757817
2024-04,actual,CF,cf_change_in_ar,673270.5534150992
2024-04,actual,CF,cf_change_in_inventory,449499.9040254988
2024-04,actual,CF,cf_change_in_ap,-317294.0499003511
2024-04,actual,CF,cf_capex,-166517.27680862823
2024-04,actual,CF,cf_change_in_debt,-60000.0
2024-04,actual,CF,cf_dividends,-0.0
2024-05,actual,PL,revenue,5231973.935440328
2024-05,actual,PL,cogs,2260212.740110222
2024-05,actual,PL,opex_selling,575517.132898436
2024-05,actual,PL,opex_marketing,470877.6541896295
2024-05,actual,PL,opex_ga,1178545.1079199642
2024-05,actual,PL,depreciation,126260.85093067026
2024-05,actual,PL,interest_expense,41600.0
2024-05,actual,PL,tax_expense,138950.5078539375
2024-05,actual,BS,cash,8595372.142302437
2024-05,actual,BS,accounts_receivable,9460555.60928936
2024-05,actual,BS,inventory,6316210.944965551
2024-05,actual,BS,ppe_net,15182000.478812968
2024-05,actual,BS,accounts_payable,4458501.843505095
2024-05,actual,BS,debt,8260000.0
2024-05,actual,BS,common_stock,8000000.0
2024-05,actual,BS,retained_earnings,18835637.331865232
2024-05,actual,CF,cf_net_income,440009.94153746875
2024-05,actual,CF,cf_depreciation,126260.85093067026
2024-05,actual,CF,cf_change_in_ar,576102.1709567253
2024-05,actual,CF,cf_change_in_inventory,384626.758500563
2024-05,actual,CF,cf_change_in_ap,-271501.2412945153
2024-05,actual,CF,cf_capex,-156959.21806320985
2024-05,actual,CF,cf_change_in_debt,-60000.0
2024-05,actual,CF,cf_dividends,-0.0
2024-06,actual,PL,revenue,5024885.747282388
2024-06,actual,PL,cogs,2170750.642825992
2024-06,actual,PL,opex_selling,552737.4322010627
2024-06,actual,PL,opex_marketing,452239.7172554149
2024-06,actual,PL,opex_ga,1181451.7180949233
2024-06,actual,PL,depreciation,126516.67065677473
2024-06,actual,PL,interest_expense,41300.0
2024-06,actual,PL,tax_expense,119973.49589957281
2024-06,actual,BS,cash,9225074.814084819
2024-06,actual,BS,accounts_receivable,9086094.77590788
2024-06,actual,BS,inventory,6066207.275842498
2024-06,actual,BS,ppe_net,15206230.380574666
2024-06,actual,BS,accounts_payable,4282028.665300587
2024-06,actual,BS,debt,8200000.0
2024-06,actual,BS,common_stock,8000000.0
2024-06,actual,BS,retained_earnings,19101578.581109285
2024-06,actual,CF,cf_net_income,379916.07034864725
2024-06,actual,CF,cf_depreciation,126516.67065677473
2024-06,actual,CF,cf_change_in_ar,374460.8333814796
2024-06,actual,CF,cf_change_in_inventory,250003.66912305262
2024-06,actual,CF,cf_change_in_ap,-176473.17820450757
2024-06,actual,CF,cf_capex,-150746.57241847162
2024-06,actual,CF,cf_change_in_debt,-60000.0
2024-06,actual,CF,cf_dividends,-113974.82110459417
2024-07,actual,PL,revenue,4873356.921299068
2024-07,actual,PL,cogs,2105290.1900011976
2024-07,actual,PL,opex_selling,536069.2613428975
2024-07,actual,PL,opex_marketing,438602.12291691615
2024-07,actual,PL,opex_ga,1184365.496754697
2024-07,actual,PL,depreciation,126718.5865047889
2024-07,actual,PL,interest_expense,41000.0
2024-07,actual,PL,tax_expense,105914.70330685703
2024-07,actual,BS,cash,9808789.694508456
2024-07,actual,BS,accounts_receivable,8812097.446732562
2024-07,actual,BS,inventory,5883276.695345813
2024-07,actual,BS,ppe_net,15225712.501708848
2024-07,actual,BS,accounts_payable,4152901.1967146914
2024-07,actual,BS,debt,8140000.0
2024-07,actual,BS,common_stock,8000000.0
2024-07,actual,BS,retained_earnings,19436975.141581
2024-07,actual,CF,cf_net_income,335396.56047171395
2024-07,actual,CF,cf_depreciation,126718.5865047889
2024-07,actual,CF,cf_change_in_ar,273997.32917531766
2024-07,actual,CF,cf_change_in_inventory,182930.58049668465
2024-07,actual,CF,cf_change_in_ap,-129127.46858589584
2024-07,actual,CF,cf_capex,-146200.70763897203
2024-07,actual,CF,cf_change_in_debt,-60000.0
2024-07,actual,CF,cf_dividends,-0.0
2024-08,actual,PL,revenue,5181047.555970007
2024-08,actual,PL,cogs,2238212.5441790433
2024-08,actual,PL,opex_selling,569915.2311567008
2024-08,actual,PL,opex_marketing,466294.2800373006
2024-08,actual,PL,opex_ga,1187286.4615787023
2024-08,actual,PL,depreciation,126880.9375142404
2024-08,actual,PL,interest_expense,40700.0
2024-08,actual,PL,tax_expense,132421.9443609646
2024-08,actual,BS,cash,9473952.00594919
2024-08,actual,BS,accounts_receivable,9368469.553260835
2024-08,actual,BS,inventory,6254730.945377054
2024-08,actual,BS,ppe_net,15254262.99087371
2024-08,actual,BS,accounts_payable,4415104.196736744
2024-08,actual,BS,debt,8080000.0
2024-08,actual,BS,common_stock,8000000.0
2024-08,actual,BS,retained_earnings,19856311.298724055
2024-08,actual,CF,cf_net_income,419336.15714305465
2024-08,actual,CF,cf_depreciation,126880.9375142404
2024-08,actual,CF,cf_change_in_ar,-556372.1065282729
2024-08,actual,CF,cf_change_in_inventory,-371454.2500312403
2024-08,actual,CF,cf_change_in_ap,262203.0000220523
2024-08,actual,CF,cf_capex,-155431.4266791002
2024-08,actual,CF,cf_change_in_debt,-60000.0
2024-08,actual,CF,cf_dividends,-0.0
2024-09,actual,PL,revenue,5664569.632601285
2024-09,actual,PL,cogs,2447094.0812837556
2024-09,actual,PL,opex_selling,623102.6595861414
2024-09,actual,PL,opex_marketing,509811.2669341157
2024-09,actual,PL,opex_ga,1190214.6302899595
2024-09,actual,PL,depreciation,127118.85825728091
2024-09,actual,PL,interest_expense,40400.0
2024-09,actual,PL,tax_expense,174438.75270000775
2024-09,actual,BS,cash,8711808.996568087
2024-09,actual,BS,accounts_receivable,10242783.44525164
2024-09,actual,BS,inventory,6838454.692902549
2024-09,actual,BS,ppe_net,15297081.221594468
2024-09,actual,BS,accounts_payable,4827144.489107682
2024-09,actual,BS,debt,8020000.0
2024-09,actual,BS,common_stock,8000000.0
2024-09,actual,BS,retained_earnings,20242983.867209073
2024-09,actual,CF,cf_net_income,552389.3835500246
2024-09,actual,CF,cf_depreciation,127118.85825728091
2024-09,actual,CF,cf_change_in_ar,-874313.891990805
2024-09,actual,CF,cf_change_in_inventory,-583723.7475254955
2024-09,actual,CF,cf_change_in_ap,412040.2923709387
2024-09,actual,CF,cf_capex,-169937.08897803855
2024-09,actual,CF,cf_change_in_debt,-60000.0
2024-09,actual,CF,cf_dividends,-165716.81506500737
2024-10,actual,PL,revenue,6093908.346927428
2024-10,actual,PL,cogs,2632568.405872649
2024-10,actual,PL,opex_selling,670329.918162017
2024-10,actual,PL,opex_marketing,548451.7512234685
2024-10,actual,PL,opex_ga,1193150.0206551969
2024-10,actual,PL,depreciation,127475.67684662057
2024-10,actual,PL,interest_expense,40100.0
2024-10,actual,PL,tax_expense,211639.81780019408
2024-10,actual,BS,cash,8337877.031889447
2024-10,actual,BS,accounts_receivable,11019121.942389322
2024-10,actual,BS,inventory,7356766.504082472
2024-10,actual,BS,ppe_net,15352422.79515567
2024-10,actual,BS,accounts_payable,5193011.649940568
2024-10,actual,BS,debt,7960000.0
2024-10,actual,BS,common_stock,8000000.0
2024-10,actual,BS,retained_earnings,20913176.623576354
2024-10,actual,CF,cf_net_income,670192.7563672813
2024-10,actual,CF,cf_depreciation,127475.67684662057
2024-10,actual,CF,cf_change_in_ar,-776338.4971376825
2024-10,actual,CF,cf_change_in_inventory,-518311.8111799229
2024-10,actual,CF,cf_change_in_ap,365867.16083288565
2024-10,actual,CF,cf_capex,-182817.25040782284
2024-10,actual,CF,cf_change_in_debt,-60000.0
2024-10,actual,CF,cf_dividends,-0.0
2024-11,actual,PL,revenue,6410104.049757066
2024-11,actual,PL,cogs,2769164.949495053
2024-11,actual,PL,opex_selling,705111.4454732772
2024-11,actual,PL,opex_marketing,576909.364478136
2024-11,actual,PL,opex_ga,1196092.6504849622
2024-11,actual,PL,depreciation,127936.85662629727
2024-11,actual,PL,interest_expense,39800.0
2024-11,actual,PL,tax_expense,238821.3079678418
2024-11,actual,BS,cash,8285755.976626363
2024-11,actual,BS,accounts_receivable,11590873.07627305
2024-11,actual,BS,inventory,7738488.352013572
2024-11,actual,BS,ppe_net,15416789.060022086
2024-11,actual,BS,accounts_payable,5462462.366127227
2024-11,actual,BS,debt,7900000.0
2024-11,actual,BS,common_stock,8000000.0
2024-11,actual,BS,retained_earnings,21669444.098807853
2024-11,actual,CF,cf_net_income,756267.4752314992
2024-11,actual,CF,cf_depreciation,127936.85662629727
2024-11,actual,CF,cf_change_in_ar,-571751.1338837277
2024-11,actual,CF,cf_change_in_inventory,-381721.84793110006
2024-11,actual,CF,cf_change_in_ap,269450.7161866594
2024-11,actual,CF,cf_capex,-192303.12149271197
2024-11,actual,CF,cf_change_in_debt,-60000.0
2024-11,actual,CF,cf_dividends,-0.0
2024-12,actual,PL,revenue,5968130.908422072
2024-12,actual,PL,cogs,2578232.5524383355
2024-12,actual,PL,opex_selling,656494.399926428
2024-12,actual,PL,opex_marketing,537131.7817579865
2024-12,actual,PL,opex_ga,1199042.5376337278
2024-12,actual,PL,depreciation,128473.24216685072
2024-12,actual,PL,interest_expense,39500.0
2024-12,actual,PL,tax_expense,199021.53467969855
2024-12,actual,BS,cash,9572464.74107994
2024-12,actual,BS,accounts_receivable,10791688.765913885
2024-12,actual,BS,inventory,7204923.845170142
2024-12,actual,BS,ppe_net,15467359.745107897
2024-12,actual,BS,accounts_payable,5085828.596590689
2024-12,actual,BS,debt,7840000.0
2024-12,actual,BS,common_stock,8000000.0
2024-12,actual,BS,retained_earnings,22110608.500681188
2024-12,actual,CF,cf_net_income,630234.8598190455
2024-12,actual,CF,cf_depreciation,128473.24216685072
2024-12,actual,CF,cf_change_in_ar,799184.3103591651
2024-12,actual,CF,cf_change_in_inventory,533564.50684343
2024-12,actual,CF,cf_change_in_ap,-376633.76953653805
2024-12,actual,CF,cf_capex,-179043.92725266216
2024-12,actual,CF,cf_change_in_debt,-60000.0
2024-12,actual,CF,cf_dividends,-189070.45794571366
